antecedent,consequent,support,confidence,lift,leverage,conviction,zhangs_metric,rule_rank,lift_tier
HERB MARKER THYME,HERB MARKER ROSEMARY,0.01015258921062117,0.9441340782122903,86.82903793326953,0.010035663013437876,17.705364652168637,0.9992281496829053,1,Muy Alto (>5)
HERB MARKER ROSEMARY,HERB MARKER THYME,0.01015258921062117,0.9337016574585634,86.82903793326953,0.010035663013437876,14.921137210140538,0.9993495257108048,2,Muy Alto (>5)
REGENCY TEA PLATE ROSES,REGENCY TEA PLATE GREEN,0.011534302535143579,0.7218045112781956,52.93021099003015,0.011316387240278872,3.545575432455164,0.997039707977208,3,Muy Alto (>5)
REGENCY TEA PLATE GREEN,REGENCY TEA PLATE ROSES,0.011534302535143579,0.8458149779735683,52.93021099003014,0.011316387240278872,6.382073771476632,0.9946714426375948,4,Muy Alto (>5)
POPPY'S PLAYHOUSE LIVINGROOM,POPPY'S PLAYHOUSE BEDROOM,0.01015258921062117,0.8086124401913876,51.76985645933014,0.009956479159232541,5.143388802114623,0.9931533454074064,5,Muy Alto (>5)
POPPY'S PLAYHOUSE BEDROOM,POPPY'S PLAYHOUSE LIVINGROOM,0.01015258921062117,0.6499999999999999,51.76985645933014,0.009956479159232541,2.8212698031273056,0.9962444488259207,6,Muy Alto (>5)
SET OF 3 WOODEN STOCKING DECORATION,SET OF 3 WOODEN TREE DECORATIONS,0.01033281268773279,0.6907630522088353,50.21153610073481,0.010127027055781538,3.1892791216953174,0.9949675280929156,7,Muy Alto (>5)
SET OF 3 WOODEN TREE DECORATIONS,SET OF 3 WOODEN STOCKING DECORATION,0.01033281268773279,0.7510917030567685,50.21153610073481,0.010127027055781538,3.9574472345708673,0.993755409523027,8,Muy Alto (>5)
POPPY'S PLAYHOUSE LIVINGROOM,POPPY'S PLAYHOUSE KITCHEN,0.010693259641956025,0.8516746411483254,49.22561137692716,0.010476030046571697,6.625290198555887,0.9921422824499126,9,Muy Alto (>5)
POPPY'S PLAYHOUSE KITCHEN,POPPY'S PLAYHOUSE LIVINGROOM,0.010693259641956025,0.6180555555555555,49.22561137692716,0.010476030046571697,2.5853090559566585,0.9969337753166164,10,Muy Alto (>5)
POPPY'S PLAYHOUSE KITCHEN,POPPY'S PLAYHOUSE BEDROOM,0.012555568905442748,0.7256944444444444,46.461191239316236,0.012285331131280428,3.5886281267252405,0.9957037833499376,11,Muy Alto (>5)
POPPY'S PLAYHOUSE BEDROOM,POPPY'S PLAYHOUSE KITCHEN,0.012555568905442748,0.8038461538461538,46.461191239316236,0.012285331131280428,5.009835725711645,0.9940023488367068,12,Muy Alto (>5)
PINK VINTAGE PAISLEY PICNIC BAG,SCANDINAVIAN PAISLEY PICNIC BAG,0.010933557611438183,0.7137254901960783,40.827060171147494,0.010665755874903527,3.4320845519677268,0.9906827051296576,13,Muy Alto (>5)
SCANDINAVIAN PAISLEY PICNIC BAG,PINK VINTAGE PAISLEY PICNIC BAG,0.010933557611438183,0.6254295532646047,40.82706017114749,0.010665755874903527,2.6288272687490277,0.9928633579810588,14,Muy Alto (>5)
WOODEN STAR CHRISTMAS SCANDINAVIAN,"WOODEN TREE CHRISTMAS SCANDINAVIAN, WOODEN HEART CHRISTMAS SCANDINAVIAN",0.01021266370299171,0.4239401496259352,38.5623373260837,0.009947828518945856,1.7168465520622194,0.998112360364275,15,Muy Alto (>5)
"WOODEN TREE CHRISTMAS SCANDINAVIAN, WOODEN HEART CHRISTMAS SCANDINAVIAN",WOODEN STAR CHRISTMAS SCANDINAVIAN,0.01021266370299171,0.9289617486338797,38.56233732608369,0.009947828518945856,13.737811809720963,0.9848955411600345,16,Muy Alto (>5)
PINK HAPPY BIRTHDAY BUNTING,BLUE HAPPY BIRTHDAY BUNTING,0.013036164844407064,0.6932907348242812,38.08751673889434,0.01269389614430316,3.2010687001882334,0.9924051868640599,17,Muy Alto (>5)
BLUE HAPPY BIRTHDAY BUNTING,PINK HAPPY BIRTHDAY BUNTING,0.013036164844407064,0.7161716171617161,38.08751673889433,0.01269389614430316,3.4570069211403522,0.9917979512360455,18,Muy Alto (>5)
"WOODEN STAR CHRISTMAS SCANDINAVIAN, WOODEN HEART CHRISTMAS SCANDINAVIAN",WOODEN TREE CHRISTMAS SCANDINAVIAN,0.01021266370299171,0.5666666666666667,38.035215053763444,0.009944158222253507,2.273311213597168,0.9915791594993559,19,Muy Alto (>5)
WOODEN TREE CHRISTMAS SCANDINAVIAN,"WOODEN STAR CHRISTMAS SCANDINAVIAN, WOODEN HEART CHRISTMAS SCANDINAVIAN",0.01021266370299171,0.685483870967742,38.03521505376344,0.009944158222253507,3.122185355995281,0.9884347445527791,20,Muy Alto (>5)
SMALL DOLLY MIX DESIGN ORANGE BOWL,SMALL MARSHMALLOWS PINK BOWL,0.012675717890183827,0.6133720930232558,37.675984724963534,0.012339277635663152,2.5443580114529984,0.9939995150770905,21,Muy Alto (>5)
SMALL MARSHMALLOWS PINK BOWL,SMALL DOLLY MIX DESIGN ORANGE BOWL,0.012675717890183827,0.7785977859778598,37.67598472496353,0.012339277635663152,4.423326925387481,0.9895682500633118,22,Muy Alto (>5)
FELTCRAFT CUSHION RABBIT,FELTCRAFT CUSHION BUTTERFLY,0.0114141535504025,0.6188925081433225,37.462126147468176,0.011109468399712677,2.5805829998428824,0.9915942159701844,23,Muy Alto (>5)
FELTCRAFT CUSHION BUTTERFLY,FELTCRAFT CUSHION RABBIT,0.0114141535504025,0.690909090909091,37.46212614746817,0.011109468399712677,3.175626011548439,0.9896559706027025,24,Muy Alto (>5)
BLUE STRIPE CERAMIC DRAWER KNOB,RED STRIPE CERAMIC DRAWER KNOB,0.011053706596179262,0.5878594249201279,34.82387184064216,0.010736289088822177,2.3853974276940617,0.9898974202667846,25,Muy Alto (>5)
RED STRIPE CERAMIC DRAWER KNOB,BLUE STRIPE CERAMIC DRAWER KNOB,0.011053706596179262,0.6548042704626333,34.823871840642155,0.010736289088822177,2.842435754356019,0.9879617821703266,26,Muy Alto (>5)
WOODEN STAR CHRISTMAS SCANDINAVIAN,WOODEN TREE CHRISTMAS SCANDINAVIAN,0.01249549441307221,0.5187032418952618,34.81586356688923,0.012136592087152145,2.0467653465426663,0.9952529772474371,27,Muy Alto (>5)
WOODEN TREE CHRISTMAS SCANDINAVIAN,WOODEN STAR CHRISTMAS SCANDINAVIAN,0.01249549441307221,0.8387096774193549,34.81586356688923,0.012136592087152145,6.050642797068367,0.985966862750617,28,Muy Alto (>5)
BATHROOM METAL SIGN,KITCHEN METAL SIGN,0.01021266370299171,0.4218362282878412,32.35892099575762,0.00989705788584068,1.7070662041532358,0.9931405745823539,29,Muy Alto (>5)
KITCHEN METAL SIGN,BATHROOM METAL SIGN,0.01021266370299171,0.7834101382488479,32.35892099575762,0.00989705788584068,4.505243097185189,0.9818967893932179,30,Muy Alto (>5)
WOODEN HEART CHRISTMAS SCANDINAVIAN,"WOODEN TREE CHRISTMAS SCANDINAVIAN, WOODEN STAR CHRISTMAS SCANDINAVIAN",0.01021266370299171,0.39080459770114945,31.27564102564103,0.009886126392545573,1.6209979620011834,0.9940018941386931,31,Muy Alto (>5)
"WOODEN TREE CHRISTMAS SCANDINAVIAN, WOODEN STAR CHRISTMAS SCANDINAVIAN",WOODEN HEART CHRISTMAS SCANDINAVIAN,0.01021266370299171,0.8173076923076923,31.275641025641026,0.009886126392545573,5.330643682376673,0.9802752589051195,32,Muy Alto (>5)
BATHROOM METAL SIGN,TOILET METAL SIGN,0.013276462813889223,0.5483870967741935,31.155124958714083,0.012850322240500965,2.175310241842742,0.9919168800315792,33,Muy Alto (>5)
TOILET METAL SIGN,BATHROOM METAL SIGN,0.013276462813889223,0.7542662116040956,31.15512495871408,0.012850322240500965,3.9709231113247094,0.9852446573933188,34,Muy Alto (>5)
SET OF 3 WOODEN HEART DECORATIONS,SET OF 3 WOODEN STOCKING DECORATION,0.01033281268773279,0.46486486486486484,31.07686964072506,0.010000320618641248,1.84073402534294,0.9898230809238313,35,Muy Alto (>5)
SET OF 3 WOODEN STOCKING DECORATION,SET OF 3 WOODEN HEART DECORATIONS,0.01033281268773279,0.6907630522088353,31.076869640725057,0.010000320618641248,3.161887493738989,0.9825187817964433,36,Muy Alto (>5)
SET OF 12 FAIRY CAKE BAKING CASES,SET OF 6 SNACK LOAF BAKING CASES,0.010092514718250631,0.43410852713178294,29.737327335949214,0.009753125955964321,1.7413266422967217,0.9893740170279316,37,Muy Alto (>5)
SET OF 6 SNACK LOAF BAKING CASES,SET OF 12 FAIRY CAKE BAKING CASES,0.010092514718250631,0.691358024691358,29.73732733594921,0.009753125955964321,3.164673795506428,0.9806884193657953,38,Muy Alto (>5)
FELTCRAFT PRINCESS CHARLOTTE DOLL,FELTCRAFT PRINCESS LOLA DOLL,0.012855941367295447,0.5846994535519126,29.14044043061418,0.012414769539508336,2.3595806168069458,0.9873935107579968,39,Muy Alto (>5)
FELTCRAFT PRINCESS LOLA DOLL,FELTCRAFT PRINCESS CHARLOTTE DOLL,0.012855941367295447,0.6407185628742516,29.14044043061418,0.012414769539508336,2.7221354479554654,0.985456495533361,40,Muy Alto (>5)
SET OF 12 FAIRY CAKE BAKING CASES,SET OF 12 MINI LOAF BAKING CASES,0.012135047458848972,0.5219638242894057,28.96203273040482,0.011716048986890566,2.0541910888420563,0.9884523971186711,41,Muy Alto (>5)
SET OF 12 MINI LOAF BAKING CASES,SET OF 12 FAIRY CAKE BAKING CASES,0.012135047458848972,0.6733333333333332,28.962032730404818,0.011716048986890566,2.9900546064875537,0.9831914550809051,42,Muy Alto (>5)
WOODEN HEART CHRISTMAS SCANDINAVIAN,WOODEN STAR CHRISTMAS SCANDINAVIAN,0.018022347711161842,0.6896551724137931,28.6284289276808,0.017392821454003664,3.144599303135889,0.9909660107334526,43,Muy Alto (>5)
WOODEN STAR CHRISTMAS SCANDINAVIAN,WOODEN HEART CHRISTMAS SCANDINAVIAN,0.018022347711161842,0.7481296758104738,28.628428927680797,0.017392821454003664,3.8665436230034156,0.9888919667590028,44,Muy Alto (>5)
SET OF 12 FAIRY CAKE BAKING CASES,SET OF 6 TEA TIME BAKING CASES,0.010452961672473868,0.4496124031007752,28.349424477331457,0.010084243017150472,1.7880859589835059,0.9876885162806383,45,Muy Alto (>5)
SET OF 6 TEA TIME BAKING CASES,SET OF 12 FAIRY CAKE BAKING CASES,0.010452961672473868,0.6590909090909092,28.349424477331457,0.010084243017150472,2.8651367695942977,0.9802727131123732,46,Muy Alto (>5)
WOODEN HEART CHRISTMAS SCANDINAVIAN,WOODEN TREE CHRISTMAS SCANDINAVIAN,0.010993632103808723,0.42068965517241386,28.237096774193553,0.010604299156738328,1.7004728720756597,0.9904689287075866,47,Muy Alto (>5)
WOODEN TREE CHRISTMAS SCANDINAVIAN,WOODEN HEART CHRISTMAS SCANDINAVIAN,0.010993632103808723,0.7379032258064516,28.23709677419355,0.010604299156738328,3.7156794425087107,0.9791737896864672,48,Muy Alto (>5)
CHRISTMAS CRAFT LITTLE FRIENDS,CHRISTMAS CRAFT WHITE FAIRY,0.011354079058031959,0.49090909090909096,27.058518964479234,0.010934467065485844,1.9286486672044765,0.9858443401275945,49,Muy Alto (>5)
CHRISTMAS CRAFT WHITE FAIRY,CHRISTMAS CRAFT LITTLE FRIENDS,0.011354079058031959,0.6258278145695364,27.05851896447923,0.010934467065485844,2.6107534404608614,0.9808379108428056,50,Muy Alto (>5)
"JUMBO BAG VINTAGE LEAF, JUMBO BAG APPLES",JUMBO BAG PEARS,0.010392887180103328,0.667953667953668,26.223482916879142,0.009996567316222326,2.934916971463219,0.9770687394596944,51,Muy Alto (>5)
JUMBO BAG PEARS,"JUMBO BAG VINTAGE LEAF, JUMBO BAG APPLES",0.010392887180103328,0.4080188679245283,26.223482916879142,0.009996567316222326,1.6629595997842104,0.9870068692840592,52,Muy Alto (>5)
FELTCRAFT CUSHION RABBIT,FELTCRAFT CUSHION OWL,0.011474228042773038,0.6221498371335505,26.21849668082299,0.011036589371782202,2.5837505748507463,0.9799317407455711,53,Muy Alto (>5)
FELTCRAFT CUSHION OWL,FELTCRAFT CUSHION RABBIT,0.011474228042773038,0.4835443037974683,26.218496680822987,0.011036589371782202,1.90056405236611,0.9852381214720254,54,Muy Alto (>5)
CHRISTMAS CRAFT TREE TOP ANGEL,CHRISTMAS CRAFT LITTLE FRIENDS,0.011053706596179262,0.5714285714285714,24.70649350649351,0.010606305729954597,2.2793664143537984,0.978451972555746,55,Muy Alto (>5)
CHRISTMAS CRAFT LITTLE FRIENDS,CHRISTMAS CRAFT TREE TOP ANGEL,0.011053706596179262,0.47792207792207797,24.70649350649351,0.010606305729954597,1.878370971048877,0.982242789496341,56,Muy Alto (>5)
"PINK REGENCY TEACUP AND SAUCER, ROSES REGENCY TEACUP AND SAUCER",GREEN REGENCY TEACUP AND SAUCER,0.020485401898353958,0.8903394255874674,24.216650454785917,0.019639479712021807,8.783780459197978,0.9812840005460104,57,Muy Alto (>5)
GREEN REGENCY TEACUP AND SAUCER,"PINK REGENCY TEACUP AND SAUCER, ROSES REGENCY TEACUP AND SAUCER",0.020485401898353958,0.55718954248366,24.216650454785913,0.019639479712021807,2.2063423589900917,0.9952988462566899,58,Muy Alto (>5)
PINK REGENCY TEACUP AND SAUCER,"GREEN REGENCY TEACUP AND SAUCER, REGENCY CAKESTAND 3 TIER",0.013817133245224078,0.4665314401622718,24.1927799157046,0.013246006930126458,1.8383765450908174,0.9879244399344314,59,Muy Alto (>5)
"GREEN REGENCY TEACUP AND SAUCER, REGENCY CAKESTAND 3 TIER",PINK REGENCY TEACUP AND SAUCER,0.013817133245224078,0.7165109034267912,24.192779915704598,0.013246006930126458,3.423000344603132,0.9775156801384913,60,Muy Alto (>5)
"ROSES REGENCY TEACUP AND SAUCER, GREEN REGENCY TEACUP AND SAUCER",PINK REGENCY TEACUP AND SAUCER,0.020485401898353958,0.7163865546218487,24.188581314878892,0.019638498079081475,3.421499548328817,0.9868784197229945,61,Muy Alto (>5)
PINK REGENCY TEACUP AND SAUCER,"ROSES REGENCY TEACUP AND SAUCER, GREEN REGENCY TEACUP AND SAUCER",0.020485401898353958,0.691683569979716,24.188581314878892,0.019638498079081475,3.150673940949936,0.9879170461784696,62,Muy Alto (>5)
"PINK REGENCY TEACUP AND SAUCER, REGENCY CAKESTAND 3 TIER",GREEN REGENCY TEACUP AND SAUCER,0.013817133245224078,0.8679245283018868,23.60697989887779,0.013231834604550397,7.293060537924171,0.9731316504009152,63,Muy Alto (>5)
GREEN REGENCY TEACUP AND SAUCER,"PINK REGENCY TEACUP AND SAUCER, REGENCY CAKESTAND 3 TIER",0.013817133245224078,0.37581699346405223,23.606979898877785,0.013231834604550397,1.5765893163019526,0.9941916904838088,64,Muy Alto (>5)
GREEN REGENCY TEACUP AND SAUCER,PINK REGENCY TEACUP AND SAUCER,0.024270094917697944,0.6601307189542482,22.289119569396384,0.023181218578633322,2.8551661752881254,0.9915915066622042,65,Muy Alto (>5)
PINK REGENCY TEACUP AND SAUCER,GREEN REGENCY TEACUP AND SAUCER,0.024270094917697944,0.81947261663286,22.289119569396384,0.023181218578633322,5.3356692635947205,0.9842863999146771,66,Muy Alto (>5)
DOLLY GIRL LUNCH BOX,SPACEBOY LUNCH BOX,0.018803316111978854,0.6702355460385439,22.048895058018974,0.017950515277175103,2.940287514960109,0.9822017141693754,67,Muy Alto (>5)
SPACEBOY LUNCH BOX,DOLLY GIRL LUNCH BOX,0.018803316111978854,0.6185770750988141,22.04889505801897,0.017950515277175103,2.5482086906935577,0.9845750640363274,68,Muy Alto (>5)
RED DINER WALL CLOCK,IVORY DINER WALL CLOCK,0.010633185149585486,0.4707446808510638,21.94962453066333,0.010148749293531044,1.8489250288448127,0.9764982863333784,69,Muy Alto (>5)
IVORY DINER WALL CLOCK,RED DINER WALL CLOCK,0.010633185149585486,0.49579831932773105,21.94962453066333,0.010148749293531044,1.938533781889543,0.9753592681345734,70,Muy Alto (>5)
PINK REGENCY TEACUP AND SAUCER,"ROSES REGENCY TEACUP AND SAUCER, REGENCY CAKESTAND 3 TIER",0.01351676078337138,0.45638945233265726,21.582553475935832,0.01289047896743879,1.8006526600447244,0.9827727907440654,71,Muy Alto (>5)
"ROSES REGENCY TEACUP AND SAUCER, REGENCY CAKESTAND 3 TIER",PINK REGENCY TEACUP AND SAUCER,0.01351676078337138,0.6392045454545455,21.582553475935832,0.01289047896743879,2.6895662432439855,0.9742683741799981,72,Muy Alto (>5)
PINK FAIRY CAKE CHILDRENS APRON,CHILDRENS APRON SPACEBOY DESIGN,0.01003244022588009,0.46648044692737434,21.100634564002917,0.00955698342407399,1.8329086182048988,0.9735457866192957,73,Muy Alto (>5)
CHILDRENS APRON SPACEBOY DESIGN,PINK FAIRY CAKE CHILDRENS APRON,0.01003244022588009,0.453804347826087,21.100634564002913,0.00955698342407399,1.791470378493212,0.9741438611902623,74,Muy Alto (>5)
"PINK REGENCY TEACUP AND SAUCER, REGENCY CAKESTAND 3 TIER",ROSES REGENCY TEACUP AND SAUCER,0.01351676078337138,0.849056603773585,20.845717148104864,0.012868341701056421,6.355160398894635,0.9674297458437622,75,Muy Alto (>5)
ROSES REGENCY TEACUP AND SAUCER,"PINK REGENCY TEACUP AND SAUCER, REGENCY CAKESTAND 3 TIER",0.01351676078337138,0.33185840707964603,20.84571714810486,0.012868341701056421,1.472861845377009,0.9924515698062794,76,Muy Alto (>5)
"PINK REGENCY TEACUP AND SAUCER, GREEN REGENCY TEACUP AND SAUCER",ROSES REGENCY TEACUP AND SAUCER,0.020485401898353958,0.8440594059405941,20.723027833756827,0.01949686865588134,6.151505962631761,0.975417990575825,77,Muy Alto (>5)
ROSES REGENCY TEACUP AND SAUCER,"PINK REGENCY TEACUP AND SAUCER, GREEN REGENCY TEACUP AND SAUCER",0.020485401898353958,0.5029498525073746,20.723027833756824,0.01949686865588134,1.9630411740231475,0.9921554986806459,78,Muy Alto (>5)
GREEN REGENCY TEACUP AND SAUCER,"ROSES REGENCY TEACUP AND SAUCER, REGENCY CAKESTAND 3 TIER",0.01591974047819296,0.4330065359477124,20.47678067439097,0.015142287189449051,1.7263934079411207,0.9874690810329936,79,Muy Alto (>5)
"ROSES REGENCY TEACUP AND SAUCER, REGENCY CAKESTAND 3 TIER",GREEN REGENCY TEACUP AND SAUCER,0.01591974047819296,0.7528409090909092,20.47678067439097,0.015142287189449051,3.8972242822479197,0.9717122404126071,80,Muy Alto (>5)
JUMBO BAG APPLES,"JUMBO BAG VINTAGE LEAF, JUMBO BAG PEARS",0.010392887180103328,0.2763578274760383,20.445566205182818,0.009884567328463866,1.3632196639064227,0.9882545661853318,81,Muy Alto (>5)
"JUMBO BAG VINTAGE LEAF, JUMBO BAG PEARS",JUMBO BAG APPLES,0.010392887180103328,0.7688888888888887,20.445566205182814,0.009884567328463866,4.164202072107873,0.9641214390286229,82,Muy Alto (>5)
"GREEN REGENCY TEACUP AND SAUCER, REGENCY CAKESTAND 3 TIER",ROSES REGENCY TEACUP AND SAUCER,0.01591974047819296,0.8255451713395638,20.268473336457788,0.01513429698603031,5.498669779097509,0.9693552544135918,83,Muy Alto (>5)
ROSES REGENCY TEACUP AND SAUCER,"GREEN REGENCY TEACUP AND SAUCER, REGENCY CAKESTAND 3 TIER",0.01591974047819296,0.3908554572271386,20.268473336457784,0.01513429698603031,1.6099891225894927,0.9910273376942565,84,Muy Alto (>5)
STRAWBERRY CERAMIC TRINKET BOX,SWEETHEART CERAMIC TRINKET BOX,0.011053706596179262,0.41628959276018096,19.74232638486032,0.010493807707836703,1.6770539655218983,0.9752429620168933,85,Muy Alto (>5)
SWEETHEART CERAMIC TRINKET BOX,STRAWBERRY CERAMIC TRINKET BOX,0.011053706596179262,0.5242165242165242,19.74232638486032,0.010493807707836703,2.045987563500897,0.9697966834318342,86,Muy Alto (>5)
JUMBO BAG VINTAGE CHRISTMAS,JUMBO BAG 50'S CHRISTMAS,0.014177580199447315,0.6430517711171663,19.713148769827534,0.013458386103923256,2.710139657144325,0.9706731975582559,87,Muy Alto (>5)
JUMBO BAG 50'S CHRISTMAS,JUMBO BAG VINTAGE CHRISTMAS,0.014177580199447315,0.43462246777163904,19.71314876982753,0.013458386103923256,1.7297338602146792,0.9812823065919919,88,Muy Alto (>5)
HAND WARMER SCOTTY DOG DESIGN,HAND WARMER RED RETROSPOT,0.010573110657214946,0.3826086956521739,19.536516404374503,0.010031913319963589,1.5879972856482885,0.9757787313390923,89,Muy Alto (>5)
HAND WARMER RED RETROSPOT,HAND WARMER SCOTTY DOG DESIGN,0.010573110657214946,0.5398773006134969,19.5365164043745,0.010031913319963589,2.113274860827426,0.9677668226381462,90,Muy Alto (>5)
PLASTERS IN TIN WOODLAND ANIMALS,PLASTERS IN TIN SPACEBOY,0.010633185149585486,0.47200000000000003,19.447801980198022,0.010086430037598418,1.8479733050801175,0.9704423696521522,91,Muy Alto (>5)
PLASTERS IN TIN SPACEBOY,PLASTERS IN TIN WOODLAND ANIMALS,0.010633185149585486,0.4381188118811882,19.447801980198022,0.010086430037598418,1.7396419136822172,0.972175089066012,92,Muy Alto (>5)
GREEN REGENCY TEACUP AND SAUCER,ROSES REGENCY TEACUP AND SAUCER,0.028595458368376788,0.7777777777777778,19.095706325794822,0.027097977317898467,4.316712723777484,0.983802277303587,93,Muy Alto (>5)
ROSES REGENCY TEACUP AND SAUCER,GREEN REGENCY TEACUP AND SAUCER,0.028595458368376788,0.7020648967551623,19.095706325794822,0.027097977317898467,3.2330343090779103,0.9878685943315203,94,Muy Alto (>5)
PINK REGENCY TEACUP AND SAUCER,ROSES REGENCY TEACUP AND SAUCER,0.023008530577916617,0.7768762677484787,19.07357279194864,0.021802226398364634,4.299271460247071,0.9764919303804884,95,Muy Alto (>5)
ROSES REGENCY TEACUP AND SAUCER,PINK REGENCY TEACUP AND SAUCER,0.023008530577916617,0.5648967551622418,19.073572791948635,0.021802226398364634,2.230236815685348,0.9878052449546613,96,Muy Alto (>5)
HAND WARMER RED LOVE HEART,HAND WARMER UNION JACK,0.010813408626697104,0.5,19.00228310502283,0.010244350236874524,1.9473747446834073,0.968316345327275,97,Muy Alto (>5)
HAND WARMER UNION JACK,HAND WARMER RED LOVE HEART,0.010813408626697104,0.410958904109589,19.00228310502283,0.010244350236874524,1.660959124197726,0.9729763079960514,98,Muy Alto (>5)
IVORY KITCHEN SCALES,RED KITCHEN SCALES,0.012555568905442748,0.4074074074074074,18.996368917937545,0.01189462317630464,1.6513088730025234,0.9774826301820663,99,Muy Alto (>5)
RED KITCHEN SCALES,IVORY KITCHEN SCALES,0.012555568905442748,0.5854341736694677,18.99636891793754,0.01189462317630464,2.337823631032209,0.9681212642106497,100,Muy Alto (>5)
RED  HARMONICA IN BOX,BLUE HARMONICA IN BOX,0.01345668629100084,0.48908296943231444,18.933197928303038,0.012745940734863988,1.906704826805752,0.9739809470860249,101,Muy Alto (>5)
BLUE HARMONICA IN BOX,RED  HARMONICA IN BOX,0.01345668629100084,0.5209302325581395,18.933197928303034,0.012745940734863988,2.029946259575466,0.9722991842272183,102,Muy Alto (>5)
HAND WARMER SCOTTY DOG DESIGN,HAND WARMER BIRD DESIGN,0.014237654691817854,0.5152173913043478,18.684768400113672,0.013475662121884193,2.005900769869436,0.9733790883510832,103,Muy Alto (>5)
HAND WARMER BIRD DESIGN,HAND WARMER SCOTTY DOG DESIGN,0.014237654691817854,0.5163398692810457,18.68476840011367,0.013475662121884193,2.0104318544183974,0.9733189549669878,104,Muy Alto (>5)
LUNCH BAG DOILEY PATTERN,JUMBO BAG DOILEY PATTERNS,0.01129400456566142,0.4552058111380145,18.39164061214415,0.01067992098259032,1.790124287449771,0.9696861266319855,105,Muy Alto (>5)
JUMBO BAG DOILEY PATTERNS,LUNCH BAG DOILEY PATTERN,0.01129400456566142,0.4563106796116505,18.39164061214415,0.01067992098259032,1.7936516280187433,0.9696263948267229,106,Muy Alto (>5)
HAND WARMER SCOTTY DOG DESIGN,HAND WARMER OWL DESIGN,0.016700708879009974,0.6043478260869566,18.357616629641385,0.01579096611577763,2.4442660547430464,0.9723982089504476,107,Muy Alto (>5)
HAND WARMER OWL DESIGN,HAND WARMER SCOTTY DOG DESIGN,0.016700708879009974,0.5072992700729927,18.357616629641385,0.01579096611577763,1.9735423035675348,0.977713840854264,108,Muy Alto (>5)
RED RETROSPOT CHARLOTTE BAG,CHARLOTTE BAG PINK POLKADOT,0.01682085786375105,0.4582651391162029,18.205922448038937,0.01589693555705338,1.799457369434171,0.9810840126508976,109,Muy Alto (>5)
CHARLOTTE BAG PINK POLKADOT,RED RETROSPOT CHARLOTTE BAG,0.01682085786375105,0.6682577565632457,18.205922448038933,0.01589693555705338,2.903743807789284,0.9694756974707057,110,Muy Alto (>5)
WOODLAND CHARLOTTE BAG,STRAWBERRY CHARLOTTE BAG,0.010933557611438183,0.47643979057591623,17.90252088922506,0.010322830346876312,1.8591691697705155,0.9663174380955986,111,Muy Alto (>5)
STRAWBERRY CHARLOTTE BAG,WOODLAND CHARLOTTE BAG,0.010933557611438183,0.4108352144469526,17.90252088922506,0.010322830346876312,1.6583671799007782,0.9699553671040434,112,Muy Alto (>5)
HAND WARMER RED LOVE HEART,HAND WARMER SCOTTY DOG DESIGN,0.010633185149585486,0.4916666666666667,17.791920289855074,0.010035543918264968,1.9128506232974791,0.9646571766953836,113,Muy Alto (>5)
HAND WARMER SCOTTY DOG DESIGN,HAND WARMER RED LOVE HEART,0.010633185149585486,0.3847826086956522,17.791920289855074,0.010035543918264968,1.5902885655951897,0.9706170010911293,114,Muy Alto (>5)
JUMBO BAG APPLES,JUMBO BAG PEARS,0.01676078337138051,0.44568690095846647,17.497415456025077,0.015802882850957704,1.758082962354588,0.9796916041328269,115,Muy Alto (>5)
JUMBO BAG PEARS,JUMBO BAG APPLES,0.01676078337138051,0.6580188679245282,17.497415456025074,0.015802882850957704,2.814170951289944,0.9674922634821777,116,Muy Alto (>5)
SET OF 3 HEART COOKIE CUTTERS,SET OF 3 BUTTERFLY COOKIE CUTTERS,0.013156313829148144,0.4659574468085107,17.313231382978728,0.01239641444710196,1.8221144019380848,0.9696178791286715,117,Muy Alto (>5)
SET OF 3 BUTTERFLY COOKIE CUTTERS,SET OF 3 HEART COOKIE CUTTERS,0.013156313829148144,0.4888392857142857,17.313231382978724,0.01239641444710196,1.9010948248316997,0.9683009515239777,118,Muy Alto (>5)
STRAWBERRY CHARLOTTE BAG,CHARLOTTE BAG PINK POLKADOT,0.011534302535143579,0.4334085778781039,17.218422881524862,0.01086442105909273,1.7205145535842932,0.9676754176181366,119,Muy Alto (>5)
CHARLOTTE BAG PINK POLKADOT,STRAWBERRY CHARLOTTE BAG,0.011534302535143579,0.45823389021479716,17.21842288152486,0.01086442105909273,1.7966923037429847,0.9662442097532918,120,Muy Alto (>5)
CHARLOTTE BAG SUKI DESIGN,WOODLAND CHARLOTTE BAG,0.012014898474107893,0.3937007874015747,17.155872531640348,0.01131456111429428,1.6115005984043589,0.9713545668608253,121,Muy Alto (>5)
WOODLAND CHARLOTTE BAG,CHARLOTTE BAG SUKI DESIGN,0.012014898474107893,0.5235602094240837,17.155872531640348,0.01131456111429428,2.0348471665304535,0.9638293162813576,122,Muy Alto (>5)
HAND WARMER OWL DESIGN,HAND WARMER BIRD DESIGN,0.015559293523969722,0.4726277372262773,17.140220727382598,0.01465152846239658,1.8439077605019147,0.973713130627033,123,Muy Alto (>5)
HAND WARMER BIRD DESIGN,HAND WARMER OWL DESIGN,0.015559293523969722,0.5642701525054467,17.140220727382598,0.01465152846239658,2.2194467139252674,0.96835942279817,124,Muy Alto (>5)
PINK CREAM FELT CRAFT TRINKET BOX,PINK BLUE FELT CRAFT TRINKET BOX,0.01345668629100084,0.4375,17.05532786885246,0.012667684379429483,1.7321745631249417,0.9712408578157928,125,Muy Alto (>5)
PINK BLUE FELT CRAFT TRINKET BOX,PINK CREAM FELT CRAFT TRINKET BOX,0.01345668629100084,0.5245901639344261,17.055327868852455,0.012667684379429483,2.0387501191132174,0.9661508107774832,126,Muy Alto (>5)
HAND WARMER RED RETROSPOT,HAND WARMER OWL DESIGN,0.010993632103808723,0.5613496932515338,17.051509112892393,0.01034890136290928,2.204670014594321,0.9601581752919747,127,Muy Alto (>5)
HAND WARMER OWL DESIGN,HAND WARMER RED RETROSPOT,0.010993632103808723,0.33394160583941607,17.051509112892393,0.01034890136290928,1.471966608457501,0.9733992682796015,128,Muy Alto (>5)
"ALARM CLOCK BAKELIKE IVORY, ALARM CLOCK BAKELIKE GREEN",ALARM CLOCK BAKELIKE RED,0.011534302535143579,0.7741935483870969,17.001617158907145,0.01085587868714505,4.226909939753868,0.9554163109322275,129,Muy Alto (>5)
ALARM CLOCK BAKELIKE RED,"ALARM CLOCK BAKELIKE IVORY, ALARM CLOCK BAKELIKE GREEN",0.011534302535143579,0.2532981530343008,17.00161715890714,0.01085587868714505,1.3192702413890751,0.9860848858677409,130,Muy Alto (>5)
HAND WARMER OWL DESIGN,HAND WARMER RED LOVE HEART,0.012014898474107893,0.364963503649635,16.875506893755066,0.011302925876795624,1.540656621106724,0.9727668033296061,131,Muy Alto (>5)
HAND WARMER RED LOVE HEART,HAND WARMER OWL DESIGN,0.012014898474107893,0.5555555555555555,16.875506893755066,0.011302925876795624,2.1759281509071244,0.9615375168856686,132,Muy Alto (>5)
ALARM CLOCK BAKELIKE RED,"ALARM CLOCK BAKELIKE PINK, ALARM CLOCK BAKELIKE GREEN",0.012675717890183827,0.2783641160949868,16.788583610569386,0.01192069780128224,1.362764050457302,0.9853029261703965,133,Muy Alto (>5)
"ALARM CLOCK BAKELIKE PINK, ALARM CLOCK BAKELIKE GREEN",ALARM CLOCK BAKELIKE RED,0.012675717890183827,0.7644927536231885,16.788583610569386,0.01192069780128224,4.052799009232988,0.9562915632862101,134,Muy Alto (>5)
ALARM CLOCK BAKELIKE IVORY,"ALARM CLOCK BAKELIKE RED, ALARM CLOCK BAKELIKE GREEN",0.011534302535143579,0.4528301886792453,16.603108636023606,0.010839595128958346,1.7777409505027615,0.96433341552624,135,Muy Alto (>5)
"ALARM CLOCK BAKELIKE RED, ALARM CLOCK BAKELIKE GREEN",ALARM CLOCK BAKELIKE IVORY,0.011534302535143579,0.42290748898678415,16.603108636023606,0.010839595128958346,1.6886866431932848,0.9661201004611331,136,Muy Alto (>5)
BAKING SET SPACEBOY DESIGN,BAKING SET 9 PIECE RETROSPOT,0.01573951700108134,0.7197802197802198,16.594822075431495,0.014791057479819973,3.41384257655964,0.9607490499038417,137,Muy Alto (>5)
BAKING SET 9 PIECE RETROSPOT,BAKING SET SPACEBOY DESIGN,0.01573951700108134,0.3628808864265928,16.594822075431495,0.014791057479819973,1.5352433539327897,0.9823484068408913,138,Muy Alto (>5)
ALARM CLOCK BAKELIKE PINK,ALARM CLOCK BAKELIKE IVORY,0.01243541992070167,0.42158859470468435,16.5513295930523,0.011684095391104867,1.684836098170182,0.9681386687240306,139,Muy Alto (>5)
ALARM CLOCK BAKELIKE IVORY,ALARM CLOCK BAKELIKE PINK,0.01243541992070167,0.48820754716981135,16.5513295930523,0.011684095391104867,1.8962831883886249,0.9641400686251211,140,Muy Alto (>5)
STRAWBERRY CHARLOTTE BAG,RED RETROSPOT CHARLOTTE BAG,0.016099963955304577,0.6049661399548533,16.481614346462337,0.015123120084500117,2.4385111824376513,0.9650080922917352,141,Muy Alto (>5)
RED RETROSPOT CHARLOTTE BAG,STRAWBERRY CHARLOTTE BAG,0.016099963955304577,0.43862520458265136,16.481614346462333,0.015123120084500117,1.7339342767539034,0.9751185606113492,142,Muy Alto (>5)
GARDENERS KNEELING PAD KEEP CALM,GARDENERS KNEELING PAD CUP OF TEA,0.027514117505707078,0.6172506738544475,16.387168607625412,0.025835113758049047,2.514265153579171,0.9827845347192323,143,Muy Alto (>5)
GARDENERS KNEELING PAD CUP OF TEA,GARDENERS KNEELING PAD KEEP CALM,0.027514117505707078,0.7304625199362041,16.387168607625412,0.025835113758049047,3.544682269920026,0.9757291491463057,144,Muy Alto (>5)
ALARM CLOCK BAKELIKE GREEN,"ALARM CLOCK BAKELIKE RED, ALARM CLOCK BAKELIKE IVORY",0.011534302535143579,0.27826086956521745,16.36724535258873,0.010829583916544802,1.361986453563865,0.9795041833792931,145,Muy Alto (>5)
"ALARM CLOCK BAKELIKE RED, ALARM CLOCK BAKELIKE IVORY",ALARM CLOCK BAKELIKE GREEN,0.011534302535143579,0.6784452296819788,16.367245352588725,0.010829583916544802,2.9809808118110417,0.9551407901973966,146,Muy Alto (>5)
LARGE WHITE HEART OF WICKER,SMALL WHITE HEART OF WICKER,0.016640634386639434,0.5528942115768464,16.203304658289056,0.015613644230151408,2.1602889368531266,0.9674003530728407,147,Muy Alto (>5)
SMALL WHITE HEART OF WICKER,LARGE WHITE HEART OF WICKER,0.016640634386639434,0.48767605633802824,16.203304658289056,0.015613644230151408,1.89314337407251,0.9714316892872877,148,Muy Alto (>5)
ALARM CLOCK BAKELIKE CHOCOLATE,ALARM CLOCK BAKELIKE GREEN,0.010933557611438183,0.6618181818181819,15.966123847167328,0.010248760367216756,2.834417904007421,0.953113284614109,149,Muy Alto (>5)
ALARM CLOCK BAKELIKE GREEN,ALARM CLOCK BAKELIKE CHOCOLATE,0.010933557611438183,0.263768115942029,15.966123847167326,0.010248760367216756,1.3358284745525397,0.9779028316882415,150,Muy Alto (>5)
ALARM CLOCK BAKELIKE GREEN,"ALARM CLOCK BAKELIKE RED, ALARM CLOCK BAKELIKE PINK",0.012675717890183827,0.30579710144927535,15.907182971014493,0.011878862915089803,1.4128090857715758,0.9776607233874196,151,Muy Alto (>5)
"ALARM CLOCK BAKELIKE RED, ALARM CLOCK BAKELIKE PINK",ALARM CLOCK BAKELIKE GREEN,0.012675717890183827,0.6593749999999999,15.907182971014493,0.011878862915089803,2.8140876338035303,0.9555037671425742,152,Muy Alto (>5)
JUMBO BAG PINK VINTAGE PAISLEY,JUMBO BAG SCANDINAVIAN BLUE PAISLEY,0.013336537306259761,0.4014466546112116,15.760568426080727,0.012490340840135459,1.6281396182020995,0.9687329783023562,153,Muy Alto (>5)
JUMBO BAG SCANDINAVIAN BLUE PAISLEY,JUMBO BAG PINK VINTAGE PAISLEY,0.013336537306259761,0.5235849056603773,15.760568426080724,0.012490340840135459,2.0292782852717566,0.961029455049921,154,Muy Alto (>5)
ALARM CLOCK BAKELIKE PINK,"ALARM CLOCK BAKELIKE RED, ALARM CLOCK BAKELIKE GREEN",0.012675717890183827,0.42973523421588594,15.756327552329598,0.01187123360613442,1.7057448378846916,0.9649975577235343,155,Muy Alto (>5)
"ALARM CLOCK BAKELIKE RED, ALARM CLOCK BAKELIKE GREEN",ALARM CLOCK BAKELIKE PINK,0.012675717890183827,0.46475770925110127,15.756327552329596,0.01187123360613442,1.8132039284268047,0.9627924620197441,156,Muy Alto (>5)
CHARLOTTE BAG SUKI DESIGN,CHARLOTTE BAG PINK POLKADOT,0.012074972966478434,0.39566929133858264,15.719119388119443,0.011306801883332088,1.613071739902104,0.9658591415212943,157,Muy Alto (>5)
CHARLOTTE BAG PINK POLKADOT,CHARLOTTE BAG SUKI DESIGN,0.012074972966478434,0.4797136038186157,15.719119388119443,0.011306801883332088,1.8633624961006694,0.9605617073932734,158,Muy Alto (>5)
STRAWBERRY CHARLOTTE BAG,CHARLOTTE BAG SUKI DESIGN,0.012735792382554368,0.4785553047404063,15.681164572261425,0.01192362104643544,1.8592233590431355,0.9618263098261561,159,Muy Alto (>5)
CHARLOTTE BAG SUKI DESIGN,STRAWBERRY CHARLOTTE BAG,0.012735792382554368,0.41732283464566927,15.681164572261423,0.01192362104643544,1.6705425538478522,0.9657003159073744,160,Muy Alto (>5)
HAND WARMER UNION JACK,HAND WARMER SCOTTY DOG DESIGN,0.011354079058031959,0.4315068493150685,15.614919594997023,0.010626948893258662,1.7104264709927055,0.9612517432112693,161,Muy Alto (>5)
HAND WARMER SCOTTY DOG DESIGN,HAND WARMER UNION JACK,0.011354079058031959,0.4108695652173913,15.614919594997023,0.010626948893258662,1.652753473347541,0.9625582759154981,162,Muy Alto (>5)
RED RETROSPOT CHARLOTTE BAG,WOODLAND CHARLOTTE BAG,0.012916015859665985,0.3518821603927987,15.333587544236982,0.012073680964299612,1.5075214478074022,0.9704028252151906,163,Muy Alto (>5)
WOODLAND CHARLOTTE BAG,RED RETROSPOT CHARLOTTE BAG,0.012916015859665985,0.56282722513089,15.33358754423698,0.012073680964299612,2.203464031926535,0.9567393815989659,164,Muy Alto (>5)
ALARM CLOCK BAKELIKE RED,ALARM CLOCK BAKELIKE CHOCOLATE,0.01129400456566142,0.24802110817941955,15.012943151834975,0.010541720056792086,1.3078552141497564,0.9779219161792121,165,Muy Alto (>5)
ALARM CLOCK BAKELIKE CHOCOLATE,ALARM CLOCK BAKELIKE RED,0.01129400456566142,0.6836363636363637,15.012943151834975,0.010541720056792086,3.0169824375328864,0.9490699043586415,166,Muy Alto (>5)
SET OF 20 VINTAGE CHRISTMAS NAPKINS,60 CAKE CASES VINTAGE CHRISTMAS,0.010272738195362249,0.37999999999999995,14.744708624708622,0.009576031433850015,1.5713355528597392,0.9580793178302635,167,Muy Alto (>5)
60 CAKE CASES VINTAGE CHRISTMAS,SET OF 20 VINTAGE CHRISTMAS NAPKINS,0.010272738195362249,0.39860139860139854,14.744708624708622,0.009576031433850015,1.6178396094878578,0.9568386650785563,168,Muy Alto (>5)
ALARM CLOCK BAKELIKE ORANGE,ALARM CLOCK BAKELIKE RED,0.012615643397813289,0.670926517571885,14.7338295666248,0.011759406847718373,2.9004571493895153,0.949991982343663,169,Muy Alto (>5)
ALARM CLOCK BAKELIKE RED,ALARM CLOCK BAKELIKE ORANGE,0.012615643397813289,0.2770448548812665,14.7338295666248,0.011759406847718373,1.3572027123852557,0.9765998897041194,170,Muy Alto (>5)
ALARM CLOCK BAKELIKE RED,ALARM CLOCK BAKELIKE IVORY,0.01700108134086267,0.37335092348284965,14.657545925225271,0.01584119540718777,1.5551421868379949,0.9762298100840157,171,Muy Alto (>5)
ALARM CLOCK BAKELIKE IVORY,ALARM CLOCK BAKELIKE RED,0.01700108134086267,0.6674528301886792,14.65754592522527,0.01584119540718777,2.8701598492769325,0.9561298990639159,172,Muy Alto (>5)
ALARM CLOCK BAKELIKE ORANGE,ALARM CLOCK BAKELIKE GREEN,0.0114141535504025,0.6070287539936103,14.644348752141505,0.010634729777888657,2.4392334299409324,0.9495693252601287,173,Muy Alto (>5)
ALARM CLOCK BAKELIKE GREEN,ALARM CLOCK BAKELIKE ORANGE,0.0114141535504025,0.2753623188405797,14.644348752141502,0.010634729777888657,1.3540514237654693,0.9720052512831339,174,Muy Alto (>5)
"LUNCH BAG RED RETROSPOT, LUNCH BAG SPACEBOY DESIGN",LUNCH BAG DOLLY GIRL DESIGN,0.011173855580920341,0.45365853658536587,14.57837837837838,0.010407387919641044,1.773399014778325,0.9549256000868903,175,Muy Alto (>5)
LUNCH BAG DOLLY GIRL DESIGN,"LUNCH BAG RED RETROSPOT, LUNCH BAG SPACEBOY DESIGN",0.011173855580920341,0.3590733590733591,14.578378378378378,0.010407387919641044,1.521811383464894,0.9613201911589009,176,Muy Alto (>5)
JUMBO BAG VINTAGE LEAF,"JUMBO BAG APPLES, JUMBO BAG PEARS",0.010392887180103328,0.24400564174894215,14.558128718827568,0.00967899823319063,1.3005906802046476,0.9727416587205183,177,Muy Alto (>5)
"JUMBO BAG APPLES, JUMBO BAG PEARS",JUMBO BAG VINTAGE LEAF,0.010392887180103328,0.6200716845878136,14.558128718827566,0.00967899823319063,2.5199679678272755,0.9471854228037454,178,Muy Alto (>5)
ALARM CLOCK BAKELIKE GREEN,ALARM CLOCK BAKELIKE RED,0.02727381953622492,0.6579710144927537,14.449321249665408,0.025386269313970953,2.7905925381371217,0.9710437182427889,179,Muy Alto (>5)
ALARM CLOCK BAKELIKE RED,ALARM CLOCK BAKELIKE GREEN,0.02727381953622492,0.5989445910290239,14.449321249665408,0.025386269313970953,2.3900652598696075,0.9751997462413105,180,Muy Alto (>5)
HAND WARMER OWL DESIGN,HAND WARMER UNION JACK,0.01249549441307221,0.3795620437956204,14.425090824250908,0.011629261086342282,1.5693549413036871,0.9623579613329892,181,Muy Alto (>5)
HAND WARMER UNION JACK,HAND WARMER OWL DESIGN,0.01249549441307221,0.4748858447488584,14.425090824250907,0.011629261086342282,1.8416551306228417,0.9558266573012378,182,Muy Alto (>5)
ALARM CLOCK BAKELIKE RED,ALARM CLOCK BAKELIKE PINK,0.01922383755857263,0.42216358839050133,14.312291430444573,0.017880667762736835,1.6795470218687611,0.9745055230362538,183,Muy Alto (>5)
ALARM CLOCK BAKELIKE PINK,ALARM CLOCK BAKELIKE RED,0.01922383755857263,0.6517311608961304,14.312291430444573,0.017880667762736835,2.7405941261901603,0.9583994893221912,184,Muy Alto (>5)
CHOCOLATE HOT WATER BOTTLE,HOT WATER BOTTLE I AM SO POORLY,0.016520485401898353,0.4147812971342383,14.294926443264037,0.015364796670832301,1.6591814571718413,0.9686248457167558,185,Muy Alto (>5)
HOT WATER BOTTLE I AM SO POORLY,CHOCOLATE HOT WATER BOTTLE,0.016520485401898353,0.5693581780538302,14.294926443264037,0.015364796670832301,2.2296269489551657,0.9578377101460687,186,Muy Alto (>5)
RED RETROSPOT CHARLOTTE BAG,CHARLOTTE BAG SUKI DESIGN,0.0159798149705635,0.43535188216039283,14.265487067799015,0.01485964186363649,1.7169669520640376,0.9653338209883925,187,Muy Alto (>5)
CHARLOTTE BAG SUKI DESIGN,RED RETROSPOT CHARLOTTE BAG,0.0159798149705635,0.5236220472440944,14.265487067799011,0.01485964186363649,2.022122307694599,0.9591726248326231,188,Muy Alto (>5)
ALARM CLOCK BAKELIKE IVORY,ALARM CLOCK BAKELIKE GREEN,0.014898474107893788,0.5849056603773585,14.110637134263058,0.013842641265894207,2.3092307188186076,0.9534165072521984,189,Muy Alto (>5)
ALARM CLOCK BAKELIKE GREEN,ALARM CLOCK BAKELIKE IVORY,0.014898474107893788,0.35942028985507246,14.110637134263056,0.013842641265894207,1.5213226391675905,0.9693107658965381,190,Muy Alto (>5)
CHARLOTTE BAG APPLES DESIGN,RED RETROSPOT CHARLOTTE BAG,0.010513036164844407,0.5177514792899409,14.105550121539045,0.009767724137007145,1.9975063557338713,0.9483625915413996,191,Muy Alto (>5)
RED RETROSPOT CHARLOTTE BAG,CHARLOTTE BAG APPLES DESIGN,0.010513036164844407,0.2864157119476268,14.105550121539043,0.009767724137007145,1.3729209540931673,0.9645087086284467,192,Muy Alto (>5)
"LUNCH BAG  BLACK SKULL., LUNCH BAG SPACEBOY DESIGN",LUNCH BAG DOLLY GIRL DESIGN,0.01021266370299171,0.43701799485861187,14.043632321267285,0.009485454141436474,1.720981139901149,0.9510176611703918,193,Muy Alto (>5)
LUNCH BAG DOLLY GIRL DESIGN,"LUNCH BAG  BLACK SKULL., LUNCH BAG SPACEBOY DESIGN",0.01021266370299171,0.3281853281853282,14.043632321267284,0.009485454141436474,1.4537208897653782,0.9586243872549018,194,Muy Alto (>5)
WOODEN PICTURE FRAME WHITE FINISH,"WHITE HANGING HEART T-LIGHT HOLDER, WOODEN FRAME ANTIQUE WHITE",0.010693259641956025,0.20843091334894612,13.87816393442623,0.00992274996268712,1.2443403785190676,0.9781257470714797,195,Muy Alto (>5)
"WHITE HANGING HEART T-LIGHT HOLDER, WOODEN FRAME ANTIQUE WHITE",WOODEN PICTURE FRAME WHITE FINISH,0.010693259641956025,0.712,13.87816393442623,0.00992274996268712,3.2940846649845805,0.9420933031076365,196,Muy Alto (>5)
PACK OF 60 DINOSAUR CAKE CASES,PACK OF 72 SKULL CAKE CASES,0.010513036164844407,0.3684210526315789,13.874970231007381,0.009755338239024705,1.541291201089351,0.9551843246729155,197,Muy Alto (>5)
PACK OF 72 SKULL CAKE CASES,PACK OF 60 DINOSAUR CAKE CASES,0.010513036164844407,0.39592760180995473,13.874970231007381,0.009755338239024705,1.6081923607745512,0.953239059138837,198,Muy Alto (>5)
VINTAGE SNAP CARDS,VINTAGE HEADS AND TAILS CARD GAME,0.014538027153670552,0.35640648011782033,13.765063266917023,0.013481873115598583,1.5135452171218629,0.9667881638110007,199,Muy Alto (>5)
VINTAGE HEADS AND TAILS CARD GAME,VINTAGE SNAP CARDS,0.014538027153670552,0.5614849187935035,13.765063266917023,0.013481873115598583,2.1874034914404974,0.9520016411699197,200,Muy Alto (>5)
72 SWEETHEART FAIRY CAKE CASES,PACK OF 60 DINOSAUR CAKE CASES,0.010452961672473868,0.39189189189189194,13.733541963015648,0.009691835249252267,1.5975195909594564,0.9525941880312776,201,Muy Alto (>5)
PACK OF 60 DINOSAUR CAKE CASES,72 SWEETHEART FAIRY CAKE CASES,0.010452961672473868,0.3663157894736842,13.733541963015648,0.009691835249252267,1.5359810284353925,0.9544203224588931,202,Muy Alto (>5)
ALARM CLOCK BAKELIKE PINK,ALARM CLOCK BAKELIKE GREEN,0.016580559894268893,0.5621181262729124,13.560896130346231,0.015357885541859,2.189057501068767,0.9544103992571957,203,Muy Alto (>5)
ALARM CLOCK BAKELIKE GREEN,ALARM CLOCK BAKELIKE PINK,0.016580559894268893,0.39999999999999997,13.560896130346231,0.015357885541859,1.617505707076775,0.966313612434194,204,Muy Alto (>5)
"LUNCH BAG PINK POLKADOT, LUNCH BAG SPACEBOY DESIGN",LUNCH BAG WOODLAND,0.010933557611438183,0.5449101796407185,13.457826187387836,0.010121126431305636,2.1083965169441683,0.9446480444518698,205,Muy Alto (>5)
LUNCH BAG WOODLAND,"LUNCH BAG PINK POLKADOT, LUNCH BAG SPACEBOY DESIGN",0.010933557611438183,0.27002967359050445,13.457826187387836,0.010121126431305636,1.342431444259174,0.9647570060793201,206,Muy Alto (>5)
"LUNCH BAG RED RETROSPOT, LUNCH BAG SPACEBOY DESIGN",LUNCH BAG WOODLAND,0.013396611798630302,0.5439024390243903,13.432937685459942,0.012399316038587356,2.103738046942915,0.9489287493771799,207,Muy Alto (>5)
LUNCH BAG WOODLAND,"LUNCH BAG RED RETROSPOT, LUNCH BAG SPACEBOY DESIGN",0.013396611798630302,0.3308605341246291,13.432937685459942,0.012399316038587356,1.4576474828787698,0.9646135220941581,208,Muy Alto (>5)
"LUNCH BAG RED RETROSPOT, LUNCH BAG DOLLY GIRL DESIGN",LUNCH BAG SPACEBOY DESIGN,0.011173855580920341,0.6966292134831462,13.283035381031446,0.010332643067335012,3.1234219320846757,0.9397901325261104,209,Muy Alto (>5)
LUNCH BAG SPACEBOY DESIGN,"LUNCH BAG RED RETROSPOT, LUNCH BAG DOLLY GIRL DESIGN",0.011173855580920341,0.21305841924398625,13.283035381031443,0.010332643067335012,1.2503597911191537,0.9758969492579194,210,Muy Alto (>5)
LUNCH BAG WOODLAND,"LUNCH BAG CARS BLUE, LUNCH BAG SPACEBOY DESIGN",0.011714526012255196,0.2893175074183977,13.267160409054126,0.010831554400314735,1.3764134750472632,0.9636440694291933,211,Muy Alto (>5)
"LUNCH BAG CARS BLUE, LUNCH BAG SPACEBOY DESIGN",LUNCH BAG WOODLAND,0.011714526012255196,0.5371900826446281,13.267160409054124,0.010831554400314735,2.073226515164518,0.945238781362346,212,Muy Alto (>5)
"LUNCH BAG  BLACK SKULL., LUNCH BAG DOLLY GIRL DESIGN",LUNCH BAG SPACEBOY DESIGN,0.01021266370299171,0.6910569105691057,13.176785032455136,0.009437613971373765,3.067085817993259,0.9379705882352941,213,Muy Alto (>5)
COOK WITH WINE METAL SIGN,HAND OVER THE CHOCOLATE   SIGN,0.015439144539228643,0.4524647887323944,12.963388766332939,0.014248163938590833,1.7626203759542862,0.9554622576805777,214,Muy Alto (>5)
HAND OVER THE CHOCOLATE   SIGN,COOK WITH WINE METAL SIGN,0.015439144539228643,0.4423407917383821,12.963388766332937,0.014248163938590833,1.732021410252417,0.9562354297533971,215,Muy Alto (>5)
HOT WATER BOTTLE TEA AND SYMPATHY,CHOCOLATE HOT WATER BOTTLE,0.015078697585005407,0.5132924335378324,12.887278806441566,0.013908652472186983,1.9727875170253135,0.9503211391606317,216,Muy Alto (>5)
CHOCOLATE HOT WATER BOTTLE,HOT WATER BOTTLE TEA AND SYMPATHY,0.015078697585005407,0.37858220211161386,12.887278806441563,0.013908652472186983,1.5619500705146225,0.9606668738921558,217,Muy Alto (>5)
HOT WATER BOTTLE I AM SO POORLY,HOT WATER BOTTLE TEA AND SYMPATHY,0.010933557611438183,0.3768115942028985,12.827005720043863,0.010081171805267295,1.5575122454168748,0.9495928497660852,218,Muy Alto (>5)
HOT WATER BOTTLE TEA AND SYMPATHY,HOT WATER BOTTLE I AM SO POORLY,0.010933557611438183,0.3721881390593047,12.827005720043863,0.010081171805267295,1.546616240620454,0.9499454868335231,219,Muy Alto (>5)
LUNCH BAG SUKI DESIGN,"LUNCH BAG  BLACK SKULL., LUNCH BAG APPLE DESIGN",0.011654451519884658,0.23205741626794263,12.790820368199249,0.010743294050355953,1.2785558765766747,0.9705628044367066,220,Muy Alto (>5)
"LUNCH BAG  BLACK SKULL., LUNCH BAG APPLE DESIGN",LUNCH BAG SUKI DESIGN,0.011654451519884658,0.642384105960265,12.790820368199247,0.010743294050355953,2.655859932983567,0.9388520520156836,221,Muy Alto (>5)
LUNCH BAG SUKI DESIGN,"LUNCH BAG APPLE DESIGN, LUNCH BAG CARS BLUE",0.01015258921062117,0.2021531100478469,12.556121902449476,0.009344012383357286,1.23319404817596,0.9690241738993747,222,Muy Alto (>5)
"LUNCH BAG APPLE DESIGN, LUNCH BAG CARS BLUE",LUNCH BAG SUKI DESIGN,0.01015258921062117,0.6305970149253731,12.556121902449476,0.009344012383357286,2.5711154558925795,0.9354177670868917,223,Muy Alto (>5)
60 TEATIME FAIRY CAKE CASES,72 SWEETHEART FAIRY CAKE CASES,0.011774600504625737,0.33390119250425904,12.518286600058325,0.010834008482665568,1.4612350516686727,0.9537496298724983,224,Muy Alto (>5)
72 SWEETHEART FAIRY CAKE CASES,60 TEATIME FAIRY CAKE CASES,0.011774600504625737,0.4414414414414415,12.518286600058323,0.010834008482665568,1.727189133880851,0.9453317680608844,225,Muy Alto (>5)
JUMBO BAG VINTAGE LEAF,JUMBO BAG PEARS,0.01351676078337138,0.31734837799717913,12.458917689011896,0.012431854283403695,1.4275633190114418,0.9606531272440791,226,Muy Alto (>5)
JUMBO BAG PEARS,JUMBO BAG VINTAGE LEAF,0.01351676078337138,0.5306603773584906,12.458917689011896,0.012431854283403695,2.0399027457363714,0.9437756681598377,227,Muy Alto (>5)
"WHITE HANGING HEART T-LIGHT HOLDER, WOODEN PICTURE FRAME WHITE FINISH",WOODEN FRAME ANTIQUE WHITE,0.010693259641956025,0.5836065573770491,12.391217798594846,0.009830288801174852,2.288464467593359,0.9364561051026953,228,Muy Alto (>5)
WOODEN FRAME ANTIQUE WHITE,"WHITE HANGING HEART T-LIGHT HOLDER, WOODEN PICTURE FRAME WHITE FINISH",0.010693259641956025,0.22704081632653056,12.391217798594845,0.009830288801174852,1.270024731657354,0.9647351666550967,229,Muy Alto (>5)
"LUNCH BAG CARS BLUE, LUNCH BAG RED RETROSPOT",LUNCH BAG WOODLAND,0.01243541992070167,0.5012106537530266,12.378564602927126,0.01143082687460963,1.9236773988094753,0.9426018627885999,230,Muy Alto (>5)
LUNCH BAG WOODLAND,"LUNCH BAG CARS BLUE, LUNCH BAG RED RETROSPOT",0.01243541992070167,0.3071216617210683,12.378564602927126,0.01143082687460963,1.407446561359212,0.9580050111850327,231,Muy Alto (>5)
LADIES & GENTLEMEN METAL SIGN,PLEASE ONE PERSON METAL SIGN,0.010452961672473868,0.4957264957264957,12.371609067261241,0.009608046381694487,1.903590621862635,0.9389690088984352,232,Muy Alto (>5)
PLEASE ONE PERSON METAL SIGN,LADIES & GENTLEMEN METAL SIGN,0.010452961672473868,0.2608695652173913,12.37160906726124,0.009608046381694487,1.3244128601819198,0.9575380186494775,233,Muy Alto (>5)
LOVE BUILDING BLOCK WORD,HOME BUILDING BLOCK WORD,0.01573951700108134,0.4906367041198503,12.318459391823572,0.014461799025120117,1.8850408329858441,0.9492735015198951,234,Muy Alto (>5)
HOME BUILDING BLOCK WORD,LOVE BUILDING BLOCK WORD,0.01573951700108134,0.3951734539969834,12.31845939182357,0.014461799025120117,1.6003269490577292,0.9569351596376493,235,Muy Alto (>5)
LUNCH BAG VINTAGE DOILY,JUMBO BAG VINTAGE DOILY,0.012074972966478434,0.4170124481327801,12.285998604634084,0.011092149074416136,1.6570815426787582,0.9459987860745764,236,Muy Alto (>5)
JUMBO BAG VINTAGE DOILY,LUNCH BAG VINTAGE DOILY,0.012074972966478434,0.35575221238938054,12.285998604634084,0.011092149074416136,1.5072525095954148,0.9508814363602669,237,Muy Alto (>5)
"LUNCH BAG  BLACK SKULL., LUNCH BAG SPACEBOY DESIGN",LUNCH BAG WOODLAND,0.011594377027514117,0.4961439588688947,12.253430770521694,0.010648162269814835,1.904333209914989,0.9403655850441148,238,Muy Alto (>5)
LUNCH BAG WOODLAND,"LUNCH BAG  BLACK SKULL., LUNCH BAG SPACEBOY DESIGN",0.011594377027514117,0.28635014836795253,12.253430770521692,0.010648162269814835,1.3685016822106812,0.9571452113737902,239,Muy Alto (>5)
COOK WITH WINE METAL SIGN,GIN + TONIC DIET METAL SIGN,0.01585966598582242,0.4647887323943662,12.241888037083259,0.014564141477039121,1.7974825625881357,0.9507552198185362,240,Muy Alto (>5)
GIN + TONIC DIET METAL SIGN,COOK WITH WINE METAL SIGN,0.01585966598582242,0.4177215189873417,12.241888037083257,0.014564141477039121,1.6587899430075903,0.9545549159636834,241,Muy Alto (>5)
PACK OF 60 DINOSAUR CAKE CASES,60 TEATIME FAIRY CAKE CASES,0.012315270935960592,0.43157894736842106,12.238608446157986,0.011309006948503205,1.6972212209806827,0.9452648598590371,242,Muy Alto (>5)
60 TEATIME FAIRY CAKE CASES,PACK OF 60 DINOSAUR CAKE CASES,0.012315270935960592,0.3492333901192505,12.238608446157986,0.011309006948503205,1.4928003394366083,0.9518574038720025,243,Muy Alto (>5)
"LUNCH BAG  BLACK SKULL., LUNCH BAG CARS BLUE",LUNCH BAG PINK POLKADOT,0.015018623092634867,0.6218905472636816,12.207535436027412,0.013788348302826658,2.510005564795083,0.9408037429204629,244,Muy Alto (>5)
LUNCH BAG PINK POLKADOT,"LUNCH BAG  BLACK SKULL., LUNCH BAG CARS BLUE",0.015018623092634867,0.294811320754717,12.20753543602741,0.013788348302826658,1.3838141234930645,0.9673639701228003,245,Muy Alto (>5)
"LUNCH BAG PINK POLKADOT, LUNCH BAG WOODLAND",LUNCH BAG SPACEBOY DESIGN,0.010933557611438183,0.6363636363636365,12.133916484431952,0.010032483533215694,2.6057761624414284,0.9336273140062871,246,Muy Alto (>5)
LUNCH BAG SPACEBOY DESIGN,"LUNCH BAG PINK POLKADOT, LUNCH BAG WOODLAND",0.010933557611438183,0.20847651775486828,12.13391648443195,0.010032483533215694,1.2416797697451643,0.9683727164865819,247,Muy Alto (>5)
LUNCH BAG PINK POLKADOT,"LUNCH BAG CARS BLUE, LUNCH BAG RED RETROSPOT",0.015258921062117025,0.29952830188679247,12.072513591301567,0.013994982036766801,1.392189345090943,0.9663986171876635,248,Muy Alto (>5)
"LUNCH BAG CARS BLUE, LUNCH BAG RED RETROSPOT",LUNCH BAG PINK POLKADOT,0.015258921062117025,0.6150121065375302,12.072513591301567,0.013994982036766801,2.4651601948680515,0.9405017775106701,249,Muy Alto (>5)
60 TEATIME FAIRY CAKE CASES,PACK OF 60 PINK PAISLEY CAKE CASES,0.015078697585005407,0.4275979557069848,12.064060289319437,0.013828811790058336,1.6851023840991404,0.950631994718678,250,Muy Alto (>5)
PACK OF 60 PINK PAISLEY CAKE CASES,60 TEATIME FAIRY CAKE CASES,0.015078697585005407,0.42542372881355933,12.064060289319436,0.013828811790058336,1.6790395311425106,0.9508096165413086,251,Muy Alto (>5)
LUNCH BAG CARS BLUE,"LUNCH BAG PINK POLKADOT, LUNCH BAG WOODLAND",0.010933557611438183,0.20634920634920637,12.010101010101012,0.010023194109728864,1.2383515559293525,0.9680284191829484,252,Muy Alto (>5)
"LUNCH BAG PINK POLKADOT, LUNCH BAG WOODLAND",LUNCH BAG CARS BLUE,0.010933557611438183,0.6363636363636365,12.010101010101012,0.010023194109728864,2.6042893187552574,0.932762836185819,253,Muy Alto (>5)
JUMBO BAG STRAWBERRY,"JUMBO BAG PINK POLKADOT, JUMBO BAG RED RETROSPOT",0.01351676078337138,0.36173633440514474,11.900124550411144,0.012380910420956109,1.5191250248544974,0.9515221612026405,254,Muy Alto (>5)
"JUMBO BAG PINK POLKADOT, JUMBO BAG RED RETROSPOT",JUMBO BAG STRAWBERRY,0.01351676078337138,0.44466403162055335,11.900124550411142,0.012380910420956109,1.7334257468584888,0.9446834641332782,255,Muy Alto (>5)
LUNCH BAG PINK POLKADOT,"LUNCH BAG  BLACK SKULL., LUNCH BAG RED RETROSPOT",0.017601826264568063,0.3455188679245283,11.883279081553095,0.016120599900719373,1.4835018125177923,0.9650087473810784,256,Muy Alto (>5)
"LUNCH BAG  BLACK SKULL., LUNCH BAG RED RETROSPOT",LUNCH BAG PINK POLKADOT,0.017601826264568063,0.6053719008264462,11.883279081553093,0.016120599900719373,2.4049398217140032,0.9432748540481548,257,Muy Alto (>5)
"LUNCH BAG SUKI DESIGN, LUNCH BAG RED RETROSPOT",LUNCH BAG WOODLAND,0.011774600504625737,0.4780487804878049,11.806528189910981,0.010777304744582791,1.8383131531697434,0.9384147598433312,258,Muy Alto (>5)
LUNCH BAG WOODLAND,"LUNCH BAG SUKI DESIGN, LUNCH BAG RED RETROSPOT",0.011774600504625737,0.2908011869436202,11.806528189910981,0.010777304744582791,1.3753117463981699,0.9539257476093367,259,Muy Alto (>5)
LOVE HOT WATER BOTTLE,HOT WATER BOTTLE KEEP CALM,0.012615643397813289,0.49065420560747663,11.785613140753327,0.011545215983715518,1.8815672718574703,0.939302010112221,260,Muy Alto (>5)
HOT WATER BOTTLE KEEP CALM,LOVE HOT WATER BOTTLE,0.012615643397813289,0.30303030303030304,11.785613140753327,0.011545215983715518,1.397891646511239,0.954905033536012,261,Muy Alto (>5)
LUNCH BAG CARS BLUE,"LUNCH BAG PINK POLKADOT, LUNCH BAG SPACEBOY DESIGN",0.01249549441307221,0.23582766439909297,11.753255393973957,0.011432342631355733,1.2823483315156492,0.9661070501434623,262,Muy Alto (>5)
"LUNCH BAG PINK POLKADOT, LUNCH BAG SPACEBOY DESIGN",LUNCH BAG CARS BLUE,0.01249549441307221,0.622754491017964,11.753255393973955,0.011432342631355733,2.510339487631329,0.9336507809257932,263,Muy Alto (>5)
LUNCH BAG SUKI DESIGN,"LUNCH BAG APPLE DESIGN, LUNCH BAG RED RETROSPOT",0.011774600504625737,0.2344497607655503,11.719671824934984,0.010769913625973224,1.2801187222155472,0.9630394093121118,264,Muy Alto (>5)
"LUNCH BAG APPLE DESIGN, LUNCH BAG RED RETROSPOT",LUNCH BAG SUKI DESIGN,0.011774600504625737,0.5885885885885886,11.719671824934984,0.010769913625973224,2.3085838118098563,0.9333447594694103,265,Muy Alto (>5)
LUNCH BAG SPACEBOY DESIGN,"LUNCH BAG RED RETROSPOT, LUNCH BAG WOODLAND",0.013396611798630302,0.25544100801832764,11.681513789761214,0.012249790244528953,1.3137077052468138,0.9650043398792112,266,Muy Alto (>5)
"LUNCH BAG RED RETROSPOT, LUNCH BAG WOODLAND",LUNCH BAG SPACEBOY DESIGN,0.013396611798630302,0.6126373626373627,11.681513789761214,0.012249790244528953,2.44617027241439,0.9348368414761576,267,Muy Alto (>5)
"JUMBO BAG STRAWBERRY, JUMBO BAG RED RETROSPOT",JUMBO BAG PINK POLKADOT,0.01351676078337138,0.569620253164557,11.677215189873419,0.012359227881597571,2.2101865136298424,0.9365878339110755,268,Muy Alto (>5)
JUMBO BAG PINK POLKADOT,"JUMBO BAG STRAWBERRY, JUMBO BAG RED RETROSPOT",0.01351676078337138,0.2770935960591133,11.677215189873419,0.012359227881597571,1.3504799102505507,0.9612535612535613,269,Muy Alto (>5)
"LUNCH BAG CARS BLUE, LUNCH BAG WOODLAND",LUNCH BAG SPACEBOY DESIGN,0.011714526012255196,0.6112852664576803,11.655732583567637,0.010709481848083959,2.4376615713161747,0.9320672222981281,270,Muy Alto (>5)
LUNCH BAG SPACEBOY DESIGN,"LUNCH BAG CARS BLUE, LUNCH BAG WOODLAND",0.011714526012255196,0.22336769759450173,11.655732583567637,0.010709481848083959,1.2629351546359964,0.9648045101414783,271,Muy Alto (>5)
"JUMBO BAG RED RETROSPOT, JUMBO BAG PINK VINTAGE PAISLEY",JUMBO BAG PINK POLKADOT,0.010272738195362249,0.5662251655629139,11.607615894039736,0.009387738356537716,2.1928877304040215,0.9307355311103669,272,Muy Alto (>5)
JUMBO BAG PINK POLKADOT,"JUMBO BAG RED RETROSPOT, JUMBO BAG PINK VINTAGE PAISLEY",0.010272738195362249,0.2105911330049261,11.607615894039734,0.009387738356537716,1.2437882881168905,0.9607137501874344,273,Muy Alto (>5)
LUNCH BAG SPACEBOY DESIGN,LUNCH BAG DOLLY GIRL DESIGN,0.018803316111978854,0.35853379152348225,11.52153184111947,0.01717130082345001,1.5104169169770516,0.963749878720643,274,Muy Alto (>5)
LUNCH BAG DOLLY GIRL DESIGN,LUNCH BAG SPACEBOY DESIGN,0.018803316111978854,0.6042471042471041,11.521531841119469,0.01717130082345001,2.3943096268641404,0.9425363862264821,275,Muy Alto (>5)
LUNCH BAG VINTAGE LEAF DESIGN,LUNCH BAG ALPHABET DESIGN,0.01363690976811246,0.4112318840579711,11.504816709292417,0.0124515879926601,1.6377511806948313,0.9443971513175073,276,Muy Alto (>5)
LUNCH BAG ALPHABET DESIGN,LUNCH BAG VINTAGE LEAF DESIGN,0.01363690976811246,0.3815126050420169,11.504816709292415,0.0124515879926601,1.5632313416462502,0.9469271542772392,277,Muy Alto (>5)
LUNCH BAG PINK POLKADOT,"LUNCH BAG  BLACK SKULL., LUNCH BAG WOODLAND",0.011354079058031959,0.22287735849056603,11.45066823899371,0.010362514302067135,1.2617517649047185,0.9616587994863726,278,Muy Alto (>5)
"LUNCH BAG  BLACK SKULL., LUNCH BAG WOODLAND",LUNCH BAG PINK POLKADOT,0.011354079058031959,0.5833333333333333,11.450668238993709,0.010362514302067135,2.2777363931274777,0.9307857930575735,279,Muy Alto (>5)
SCOTTIE DOG HOT WATER BOTTLE,RETROSPOT HEART HOT WATER BOTTLE,0.012315270935960592,0.33117932148626816,11.437367189751908,0.011238513432975526,1.451875107742296,0.9478127610876159,280,Muy Alto (>5)
RETROSPOT HEART HOT WATER BOTTLE,SCOTTIE DOG HOT WATER BOTTLE,0.012315270935960592,0.42531120331950206,11.437367189751908,0.011238513432975526,1.6753656844957063,0.939779455701016,281,Muy Alto (>5)
"LUNCH BAG RED RETROSPOT, LUNCH BAG WOODLAND",LUNCH BAG PINK POLKADOT,0.012735792382554368,0.5824175824175825,11.432692307692308,0.011621812224618578,2.272741357177637,0.9329320722269991,282,Muy Alto (>5)
LUNCH BAG PINK POLKADOT,"LUNCH BAG RED RETROSPOT, LUNCH BAG WOODLAND",0.012735792382554368,0.25,11.432692307692308,0.011621812224618578,1.3041771797028316,0.9615141157108495,283,Muy Alto (>5)
LUNCH BAG WOODLAND,"LUNCH BAG  BLACK SKULL., LUNCH BAG CARS BLUE",0.011173855580920341,0.2759643916913947,11.42712254749989,0.010196019250341647,1.3477929025434163,0.9509948862121615,284,Muy Alto (>5)
"LUNCH BAG  BLACK SKULL., LUNCH BAG CARS BLUE",LUNCH BAG WOODLAND,0.011173855580920341,0.4626865671641791,11.42712254749989,0.010196019250341647,1.785754335375866,0.9350708152290473,285,Muy Alto (>5)
WOODEN FRAME ANTIQUE WHITE,WOODEN PICTURE FRAME WHITE FINISH,0.027514117505707078,0.5841836734693877,11.386793241886918,0.025097799151519794,2.2815274990067436,0.9572645949039724,286,Muy Alto (>5)
WOODEN PICTURE FRAME WHITE FINISH,WOODEN FRAME ANTIQUE WHITE,0.027514117505707078,0.5362997658079625,11.386793241886917,0.025097799151519794,2.0549948602934305,0.96150778903032,287,Muy Alto (>5)
"LUNCH BAG SUKI DESIGN, LUNCH BAG WOODLAND",LUNCH BAG CARS BLUE,0.01003244022588009,0.6028880866425993,11.378316428857946,0.009150724526672115,2.384754186099855,0.9275485317470625,288,Muy Alto (>5)
PAPER CHAIN KIT 50'S CHRISTMAS,PAPER CHAIN KIT VINTAGE CHRISTMAS,0.026252553165925747,0.46243386243386236,11.370271896712072,0.023943676702424713,1.7845796110011058,0.9669452178197923,289,Muy Alto (>5)
PAPER CHAIN KIT VINTAGE CHRISTMAS,PAPER CHAIN KIT 50'S CHRISTMAS,0.026252553165925747,0.6454948301329394,11.370271896712072,0.023943676702424713,2.6606935099523406,0.9507174441097475,290,Muy Alto (>5)
LUNCH BAG WOODLAND,"LUNCH BAG SUKI DESIGN, LUNCH BAG CARS BLUE",0.01003244022588009,0.2477744807121662,11.362132247754047,0.00914946861393963,1.3003985296797616,0.9504732083541407,291,Muy Alto (>5)
"LUNCH BAG SUKI DESIGN, LUNCH BAG CARS BLUE",LUNCH BAG WOODLAND,0.01003244022588009,0.46005509641873277,11.362132247754046,0.00914946861393963,1.7770512987124443,0.9323194794468057,292,Muy Alto (>5)
"LUNCH BAG  BLACK SKULL., LUNCH BAG WOODLAND",LUNCH BAG SPACEBOY DESIGN,0.011594377027514117,0.595679012345679,11.358159037235021,0.01057357982001731,2.3435710662901386,0.9300603845028135,293,Muy Alto (>5)
LUNCH BAG SPACEBOY DESIGN,"LUNCH BAG  BLACK SKULL., LUNCH BAG WOODLAND",0.011594377027514117,0.22107674684994275,11.358159037235021,0.01057357982001731,1.2588350142411884,0.9624323588318595,294,Muy Alto (>5)
LUNCH BAG WOODLAND,"LUNCH BAG PINK POLKADOT, LUNCH BAG CARS BLUE",0.010933557611438183,0.27002967359050445,11.350792794412973,0.009970315852957679,1.337329019691735,0.9503815743485164,295,Muy Alto (>5)
"LUNCH BAG PINK POLKADOT, LUNCH BAG CARS BLUE",LUNCH BAG WOODLAND,0.010933557611438183,0.45959595959595956,11.350792794412973,0.009970315852957679,1.7755414845249229,0.9341227387996619,296,Muy Alto (>5)
LUNCH BAG VINTAGE LEAF DESIGN,LUNCH BAG APPLE DESIGN,0.01676078337138051,0.5054347826086957,11.278106422659985,0.015274648842830158,1.931361921750003,0.9425899720860376,297,Muy Alto (>5)
LUNCH BAG APPLE DESIGN,LUNCH BAG VINTAGE LEAF DESIGN,0.01676078337138051,0.37399463806970507,11.278106422659983,0.015274648842830158,1.5444578257767683,0.9540907553932508,298,Muy Alto (>5)
LUNCH BAG PINK POLKADOT,"LUNCH BAG CARS BLUE, LUNCH BAG SPACEBOY DESIGN",0.01249549441307221,0.24528301886792453,11.247881906544,0.011384574640185694,1.2961056710320795,0.9599998052333791,299,Muy Alto (>5)
"LUNCH BAG CARS BLUE, LUNCH BAG SPACEBOY DESIGN",LUNCH BAG PINK POLKADOT,0.01249549441307221,0.5730027548209367,11.247881906543999,0.011384574640185694,2.222629867487297,0.9314055716438571,300,Muy Alto (>5)
JUMBO STORAGE BAG SUKI,"JUMBO SHOPPER VINTAGE RED PAISLEY, JUMBO BAG RED RETROSPOT",0.010873483119067644,0.25138888888888894,11.218818885910041,0.009904264948273934,1.3058745720389016,0.9520433940677289,301,Muy Alto (>5)
"JUMBO SHOPPER VINTAGE RED PAISLEY, JUMBO BAG RED RETROSPOT",JUMBO STORAGE BAG SUKI,0.010873483119067644,0.4852546916890081,11.218818885910041,0.009904264948273934,1.8586791371300415,0.9317423396990505,302,Muy Alto (>5)
"LUNCH BAG CARS BLUE, LUNCH BAG WOODLAND",LUNCH BAG PINK POLKADOT,0.010933557611438183,0.5705329153605017,11.199399656946829,0.00995729478071973,2.209847656349348,0.9285031132278024,303,Muy Alto (>5)
LUNCH BAG PINK POLKADOT,"LUNCH BAG CARS BLUE, LUNCH BAG WOODLAND",0.010933557611438183,0.21462264150943394,11.199399656946827,0.00995729478071973,1.2488725659457367,0.9595942733048697,304,Muy Alto (>5)
LUNCH BAG WOODLAND,"LUNCH BAG SUKI DESIGN, LUNCH BAG  BLACK SKULL.",0.010633185149585486,0.2626112759643917,11.12322468117879,0.009677240677154078,1.324119413102428,0.9485031007653224,305,Muy Alto (>5)
"LUNCH BAG SUKI DESIGN, LUNCH BAG  BLACK SKULL.",LUNCH BAG WOODLAND,0.010633185149585486,0.450381679389313,11.12322468117879,0.009677240677154078,1.745774760703272,0.9321043207668572,306,Muy Alto (>5)
"LUNCH BAG PINK POLKADOT, LUNCH BAG RED RETROSPOT",LUNCH BAG WOODLAND,0.012735792382554368,0.45010615711252655,11.116420016758335,0.011590118472846496,1.7449000467142963,0.9365425330261585,307,Muy Alto (>5)
LUNCH BAG WOODLAND,"LUNCH BAG PINK POLKADOT, LUNCH BAG RED RETROSPOT",0.012735792382554368,0.31454005934718104,11.116420016758335,0.011590118472846496,1.4175954807337723,0.9484457470384494,308,Muy Alto (>5)
LUNCH BAG PINK POLKADOT,"LUNCH BAG SUKI DESIGN, LUNCH BAG RED RETROSPOT",0.013937282229965157,0.27358490566037735,11.10754716981132,0.012682524359762757,1.3427163969035891,0.9588162622069141,309,Muy Alto (>5)
"LUNCH BAG SUKI DESIGN, LUNCH BAG RED RETROSPOT",LUNCH BAG PINK POLKADOT,0.013937282229965157,0.5658536585365853,11.107547169811319,0.012682524359762757,2.186029778048375,0.9329501915708812,310,Muy Alto (>5)
HAND OVER THE CHOCOLATE   SIGN,GIN + TONIC DIET METAL SIGN,0.01471825063078217,0.42168674698795183,11.106641756901023,0.013393075032889395,1.6635152589210622,0.9428731492597039,311,Muy Alto (>5)
GIN + TONIC DIET METAL SIGN,HAND OVER THE CHOCOLATE   SIGN,0.01471825063078217,0.3876582278481013,11.106641756901022,0.013393075032889395,1.576075263559372,0.9458759299898304,312,Muy Alto (>5)
HOT WATER BOTTLE TEA AND SYMPATHY,HOT WATER BOTTLE KEEP CALM,0.01351676078337138,0.46012269938650313,11.05224019334449,0.012293772452778367,1.7751596070035938,0.9370477192548121,313,Muy Alto (>5)
HOT WATER BOTTLE KEEP CALM,HOT WATER BOTTLE TEA AND SYMPATHY,0.01351676078337138,0.3246753246753247,11.052240193344488,0.012293772452778367,1.4372695218994629,0.9490302764370336,314,Muy Alto (>5)
"LUNCH BAG PINK POLKADOT, LUNCH BAG WOODLAND",LUNCH BAG  BLACK SKULL.,0.011354079058031959,0.6608391608391609,11.044506698121157,0.010326049525489463,2.7720352618690485,0.9253560756005744,315,Muy Alto (>5)
"LUNCH BAG PINK POLKADOT, LUNCH BAG WOODLAND",LUNCH BAG RED RETROSPOT,0.012735792382554368,0.7412587412587414,11.016958041958043,0.011579775237526662,3.6048234946468773,0.9251257092771141,316,Muy Alto (>5)
"LUNCH BAG SUKI DESIGN, LUNCH BAG  BLACK SKULL.",LUNCH BAG APPLE DESIGN,0.011654451519884658,0.4936386768447838,11.014891976887762,0.010596388350101526,1.8863692486220607,0.9311987445933853,317,Muy Alto (>5)
LUNCH BAG APPLE DESIGN,"LUNCH BAG SUKI DESIGN, LUNCH BAG  BLACK SKULL.",0.011654451519884658,0.26005361930294907,11.014891976887762,0.010596388350101526,1.3195425370938223,0.9518725280425339,318,Muy Alto (>5)
LUNCH BAG PINK POLKADOT,"LUNCH BAG RED RETROSPOT, LUNCH BAG SPACEBOY DESIGN",0.013757058752853539,0.27004716981132076,10.963915094339622,0.012502300882651139,1.3362088860946864,0.9575735362002045,319,Muy Alto (>5)
"LUNCH BAG RED RETROSPOT, LUNCH BAG SPACEBOY DESIGN",LUNCH BAG PINK POLKADOT,0.013757058752853539,0.5585365853658536,10.96391509433962,0.012502300882651139,2.1497972402906673,0.9317409906929558,320,Muy Alto (>5)
JUMBO BAG STRAWBERRY,"JUMBO STORAGE BAG SUKI, JUMBO BAG RED RETROSPOT",0.01003244022588009,0.2684887459807074,10.954077611752096,0.0091165766925492,1.3335264519212613,0.9439829776293645,321,Muy Alto (>5)
"JUMBO STORAGE BAG SUKI, JUMBO BAG RED RETROSPOT",JUMBO BAG STRAWBERRY,0.01003244022588009,0.4093137254901961,10.954077611752096,0.0091165766925492,1.6296868698098508,0.9315422609639694,322,Muy Alto (>5)
PLEASE ONE PERSON METAL SIGN,COOK WITH WINE METAL SIGN,0.014958548600264328,0.3733133433283359,10.940447030006125,0.0135912782721655,1.5412450194221698,0.9465229338406257,323,Muy Alto (>5)
COOK WITH WINE METAL SIGN,PLEASE ONE PERSON METAL SIGN,0.014958548600264328,0.43838028169014087,10.940447030006125,0.0135912782721655,1.7092176116566362,0.9406947356536484,324,Muy Alto (>5)
PACK OF 60 DINOSAUR CAKE CASES,PACK OF 60 PINK PAISLEY CAKE CASES,0.011053706596179262,0.3873684210526316,10.929041926851026,0.010042299862619026,1.5744471598390253,0.9351865793032617,325,Muy Alto (>5)
PACK OF 60 PINK PAISLEY CAKE CASES,PACK OF 60 DINOSAUR CAKE CASES,0.011053706596179262,0.311864406779661,10.929041926851024,0.010042299862619026,1.4117342943673798,0.9418847891076884,326,Muy Alto (>5)
"LUNCH BAG  BLACK SKULL., LUNCH BAG RED RETROSPOT",LUNCH BAG WOODLAND,0.012855941367295447,0.4421487603305785,10.91989356745224,0.011678645884708164,1.720010145914267,0.9356283979844262,327,Muy Alto (>5)
LUNCH BAG WOODLAND,"LUNCH BAG  BLACK SKULL., LUNCH BAG RED RETROSPOT",0.012855941367295447,0.31750741839762614,10.91989356745224,0.011678645884708164,1.422614650862722,0.9467584628239606,328,Muy Alto (>5)
LUNCH BAG SUKI DESIGN,"LUNCH BAG  BLACK SKULL., LUNCH BAG WOODLAND",0.010633185149585486,0.21172248803827753,10.877569555201136,0.009655651970356014,1.243896787099463,0.9560844348674407,329,Muy Alto (>5)
"LUNCH BAG  BLACK SKULL., LUNCH BAG WOODLAND",LUNCH BAG SUKI DESIGN,0.010633185149585486,0.5462962962962963,10.877569555201134,0.009655651970356014,2.093387637405076,0.9260933044513072,330,Muy Alto (>5)
LUNCH BAG CARS BLUE,"LUNCH BAG  BLACK SKULL., LUNCH BAG WOODLAND",0.011173855580920341,0.2108843537414966,10.834509112286892,0.010142534690872023,1.2425756213566892,0.958488512003667,331,Muy Alto (>5)
"LUNCH BAG  BLACK SKULL., LUNCH BAG WOODLAND",LUNCH BAG CARS BLUE,0.011173855580920341,0.5740740740740741,10.83450911228689,0.010142534690872023,2.223424872929389,0.9257206778106731,332,Muy Alto (>5)
"LUNCH BAG  BLACK SKULL., LUNCH BAG SPACEBOY DESIGN",LUNCH BAG PINK POLKADOT,0.012855941367295447,0.5501285347043703,10.798867439491683,0.011665451583127803,2.109617754587117,0.9291100483530028,333,Muy Alto (>5)
LUNCH BAG PINK POLKADOT,"LUNCH BAG  BLACK SKULL., LUNCH BAG SPACEBOY DESIGN",0.012855941367295447,0.25235849056603776,10.798867439491683,0.011665451583127803,1.3062825032377687,0.956104700346548,334,Muy Alto (>5)
LUNCH BAG CARS BLUE,"LUNCH BAG SUKI DESIGN, LUNCH BAG PINK POLKADOT",0.0114141535504025,0.21541950113378688,10.768387435054104,0.010354184857852838,1.2490690189939573,0.9578900626343834,335,Muy Alto (>5)
"LUNCH BAG SUKI DESIGN, LUNCH BAG PINK POLKADOT",LUNCH BAG CARS BLUE,0.0114141535504025,0.5705705705705706,10.768387435054102,0.010354184857852838,2.205285042963765,0.9256530955292357,336,Muy Alto (>5)
"LUNCH BAG SUKI DESIGN, LUNCH BAG PINK POLKADOT",LUNCH BAG  BLACK SKULL.,0.012855941367295447,0.6426426426426426,10.740390993403041,0.011658969918565897,2.630884145079394,0.9254060891749084,337,Muy Alto (>5)
LUNCH BAG  BLACK SKULL.,"LUNCH BAG SUKI DESIGN, LUNCH BAG PINK POLKADOT",0.012855941367295447,0.21485943775100402,10.740390993403041,0.011658969918565897,1.248178022077299,0.9646101937834045,338,Muy Alto (>5)
LUNCH BAG CARS BLUE,"LUNCH BAG RED RETROSPOT, LUNCH BAG WOODLAND",0.01243541992070167,0.23469387755102042,10.732731554160127,0.01127677546398072,1.278093636108775,0.9575642906788169,339,Muy Alto (>5)
"LUNCH BAG RED RETROSPOT, LUNCH BAG WOODLAND",LUNCH BAG CARS BLUE,0.01243541992070167,0.5686813186813188,10.732731554160127,0.01127677546398072,2.195625505563205,0.9271000785076077,340,Muy Alto (>5)
LUNCH BAG SUKI DESIGN,"LUNCH BAG RED RETROSPOT, LUNCH BAG WOODLAND",0.011774600504625737,0.2344497607655503,10.721567905778436,0.010676384216849416,1.2776860807401178,0.9546760639739766,341,Muy Alto (>5)
"LUNCH BAG RED RETROSPOT, LUNCH BAG WOODLAND",LUNCH BAG SUKI DESIGN,0.011774600504625737,0.5384615384615385,10.721567905778434,0.010676384216849416,2.05785173615283,0.9270008949409514,342,Muy Alto (>5)
"LUNCH BAG PINK POLKADOT, LUNCH BAG SPACEBOY DESIGN",LUNCH BAG  BLACK SKULL.,0.012855941367295447,0.6407185628742516,10.708234134141357,0.011655375409710853,2.616794825583724,0.9251774967571605,343,Muy Alto (>5)
LUNCH BAG  BLACK SKULL.,"LUNCH BAG PINK POLKADOT, LUNCH BAG SPACEBOY DESIGN",0.012855941367295447,0.21485943775100402,10.708234134141357,0.011655375409710853,1.2481015077622084,0.9643128004538533,344,Muy Alto (>5)
"LUNCH BAG SUKI DESIGN, LUNCH BAG  BLACK SKULL.",LUNCH BAG PINK POLKADOT,0.012855941367295447,0.5445292620865141,10.688955302702963,0.011653210042930707,2.0836834322604725,0.9283634768218204,345,Muy Alto (>5)
LUNCH BAG PINK POLKADOT,"LUNCH BAG SUKI DESIGN, LUNCH BAG  BLACK SKULL.",0.012855941367295447,0.25235849056603776,10.688955302702963,0.011653210042930707,1.3059610952281144,0.955101379211612,346,Muy Alto (>5)
"LUNCH BAG SUKI DESIGN, LUNCH BAG WOODLAND",LUNCH BAG  BLACK SKULL.,0.010633185149585486,0.6389891696750902,10.679331042581879,0.009637506196738383,2.604259281509071,0.9216988292255618,347,Muy Alto (>5)
LUNCH BAG CARS BLUE,"LUNCH BAG PINK POLKADOT, LUNCH BAG  BLACK SKULL.",0.015018623092634867,0.2834467120181406,10.674782733606262,0.013611697680902283,1.358513163918195,0.9570301953818827,348,Muy Alto (>5)
"LUNCH BAG PINK POLKADOT, LUNCH BAG  BLACK SKULL.",LUNCH BAG CARS BLUE,0.015018623092634867,0.5656108597285068,10.674782733606262,0.013611697680902283,2.180105831230726,0.9310431992100716,349,Muy Alto (>5)
LUNCH BAG APPLE DESIGN,"LUNCH BAG SUKI DESIGN, LUNCH BAG RED RETROSPOT",0.011774600504625737,0.2627345844504022,10.667024128686329,0.010670768698999567,1.3229556650246308,0.9487729431395198,350,Muy Alto (>5)
"LUNCH BAG SUKI DESIGN, LUNCH BAG RED RETROSPOT",LUNCH BAG APPLE DESIGN,0.011774600504625737,0.4780487804878049,10.667024128686327,0.010670768698999567,1.8300262418857327,0.9291383219954648,351,Muy Alto (>5)
"JUMBO STORAGE BAG SUKI, JUMBO BAG RED RETROSPOT",JUMBO BAG PINK POLKADOT,0.012735792382554368,0.5196078431372549,10.651960784313726,0.01154016346122851,1.9800895968143355,0.9288879799770862,352,Muy Alto (>5)
JUMBO BAG PINK POLKADOT,"JUMBO STORAGE BAG SUKI, JUMBO BAG RED RETROSPOT",0.012735792382554368,0.26108374384236455,10.651960784313726,0.01154016346122851,1.3201626016260162,0.9525882922109339,353,Muy Alto (>5)
LUNCH BAG CARS BLUE,"LUNCH BAG WOODLAND, LUNCH BAG SPACEBOY DESIGN",0.011714526012255196,0.22108843537414968,10.636526286815306,0.010613177160536929,1.2571571281139704,0.9566744090722775,354,Muy Alto (>5)
"LUNCH BAG WOODLAND, LUNCH BAG SPACEBOY DESIGN",LUNCH BAG CARS BLUE,0.011714526012255196,0.5635838150289018,10.636526286815306,0.010613177160536929,2.169979781551641,0.9252156677678149,355,Muy Alto (>5)
LUNCH BAG SUKI DESIGN,"LUNCH BAG  BLACK SKULL., LUNCH BAG CARS BLUE",0.012855941367295447,0.2559808612440192,10.599645314099362,0.011643076126399619,1.3115926771704953,0.9535464954748857,356,Muy Alto (>5)
"LUNCH BAG  BLACK SKULL., LUNCH BAG CARS BLUE",LUNCH BAG SUKI DESIGN,0.012855941367295447,0.5323383084577115,10.59964531409936,0.011643076126399619,2.0309076872342984,0.9280700623896788,357,Muy Alto (>5)
JUMBO BAG DOILEY PATTERNS,JUMBO BAG VINTAGE LEAF,0.011173855580920341,0.45145631067961167,10.599353663713421,0.010119653981895137,1.7453617707195863,0.9286390835111759,358,Muy Alto (>5)
JUMBO BAG VINTAGE LEAF,JUMBO BAG DOILEY PATTERNS,0.011173855580920341,0.2623413258110014,10.599353663713421,0.010119653981895137,1.3220874955690756,0.945945088895051,359,Muy Alto (>5)
"LUNCH BAG  BLACK SKULL., LUNCH BAG SPACEBOY DESIGN",LUNCH BAG SUKI DESIGN,0.01243541992070167,0.532133676092545,10.595570780187208,0.01126177669008357,2.030019421885336,0.9272907783462435,360,Muy Alto (>5)
LUNCH BAG SUKI DESIGN,"LUNCH BAG  BLACK SKULL., LUNCH BAG SPACEBOY DESIGN",0.01243541992070167,0.2476076555023924,10.595570780187208,0.01126177669008357,1.2980342365391593,0.9535082975063174,361,Muy Alto (>5)
LUNCH BAG WOODLAND,"LUNCH BAG PINK POLKADOT, LUNCH BAG  BLACK SKULL.",0.011354079058031959,0.28041543026706234,10.560622742591674,0.010278945580132003,1.352790367271912,0.9435115950267465,362,Muy Alto (>5)
"LUNCH BAG PINK POLKADOT, LUNCH BAG  BLACK SKULL.",LUNCH BAG WOODLAND,0.011354079058031959,0.4276018099547511,10.560622742591672,0.010278945580132003,1.6762977396319263,0.9300029125998022,363,Muy Alto (>5)
LUNCH BAG  BLACK SKULL.,"LUNCH BAG PINK POLKADOT, LUNCH BAG CARS BLUE",0.015018623092634867,0.25100401606425704,10.551042554054604,0.013595197586037564,1.3033587922482324,0.9628329712460063,364,Muy Alto (>5)
"LUNCH BAG PINK POLKADOT, LUNCH BAG CARS BLUE",LUNCH BAG  BLACK SKULL.,0.015018623092634867,0.6313131313131313,10.551042554054602,0.013595197586037564,2.5500387603916526,0.9272822153846153,365,Muy Alto (>5)
RECIPE BOX RETROSPOT,RECIPE BOX PANTRY YELLOW DESIGN,0.010993632103808723,0.4740932642487047,10.53639048956467,0.009950235685016452,1.815919326171349,0.9265770034749526,366,Muy Alto (>5)
RECIPE BOX PANTRY YELLOW DESIGN,RECIPE BOX RETROSPOT,0.010993632103808723,0.2443257676902537,10.53639048956467,0.009950235685016452,1.2926353767010317,0.9477349233504895,367,Muy Alto (>5)
"LUNCH BAG SUKI DESIGN, LUNCH BAG WOODLAND",LUNCH BAG RED RETROSPOT,0.011774600504625737,0.7075812274368232,10.516425992779784,0.010654961521504497,3.1896603640365915,0.9202237679236885,368,Muy Alto (>5)
LUNCH BAG SUKI DESIGN,"LUNCH BAG CARS BLUE, LUNCH BAG SPACEBOY DESIGN",0.011474228042773038,0.22846889952153113,10.476841050786247,0.010379028832710389,1.2678594014717786,0.9523821823949982,369,Muy Alto (>5)
"LUNCH BAG CARS BLUE, LUNCH BAG SPACEBOY DESIGN",LUNCH BAG SUKI DESIGN,0.011474228042773038,0.5261707988980716,10.476841050786245,0.010379028832710389,2.0044727555191693,0.9247167170463013,370,Muy Alto (>5)
"LUNCH BAG CARS BLUE, LUNCH BAG WOODLAND",LUNCH BAG SUKI DESIGN,0.01003244022588009,0.5235109717868339,10.423879947803394,0.009069992435218974,1.9932835136622047,0.9217302517522681,371,Muy Alto (>5)
"LUNCH BAG CARS BLUE, LUNCH BAG RED RETROSPOT",LUNCH BAG SUKI DESIGN,0.012976090352036526,0.5230024213075061,10.413753953450653,0.011730037256290316,1.9911583764883687,0.9269720345615128,372,Muy Alto (>5)
LUNCH BAG SUKI DESIGN,"LUNCH BAG CARS BLUE, LUNCH BAG RED RETROSPOT",0.012976090352036526,0.2583732057416268,10.413753953450653,0.011730037256290316,1.3149325809164654,0.9517733736266311,373,Muy Alto (>5)
"LUNCH BAG PINK POLKADOT, LUNCH BAG RED RETROSPOT",LUNCH BAG  BLACK SKULL.,0.017601826264568063,0.6220806794055201,10.396741957213141,0.015908812593842483,2.4877421035792247,0.9301342504919,374,Muy Alto (>5)
LUNCH BAG  BLACK SKULL.,"LUNCH BAG PINK POLKADOT, LUNCH BAG RED RETROSPOT",0.017601826264568063,0.29417670682730923,10.396741957213141,0.015908812593842483,1.3766971471367027,0.9613368371697434,375,Muy Alto (>5)
LUNCH BAG APPLE DESIGN,"LUNCH BAG SUKI DESIGN, LUNCH BAG CARS BLUE",0.01015258921062117,0.2265415549597855,10.38845929438179,0.009175294221737514,1.2647000825217376,0.9461411931078113,376,Muy Alto (>5)
"LUNCH BAG SUKI DESIGN, LUNCH BAG CARS BLUE",LUNCH BAG APPLE DESIGN,0.01015258921062117,0.46556473829201095,10.388459294381788,0.009175294221737514,1.7872780804899104,0.923886566997126,377,Muy Alto (>5)
LUNCH BAG PINK POLKADOT,"LUNCH BAG APPLE DESIGN, LUNCH BAG RED RETROSPOT",0.010573110657214946,0.20754716981132074,10.374865431469203,0.009554002435806654,1.2366606020036273,0.9521170689040039,378,Muy Alto (>5)
"LUNCH BAG APPLE DESIGN, LUNCH BAG RED RETROSPOT",LUNCH BAG PINK POLKADOT,0.010573110657214946,0.5285285285285284,10.374865431469201,0.009554002435806654,2.0129676722703023,0.9220588153341173,379,Muy Alto (>5)
LUNCH BAG CARS BLUE,"LUNCH BAG SUKI DESIGN, LUNCH BAG SPACEBOY DESIGN",0.011474228042773038,0.21655328798185944,10.35846560846561,0.01036651301272114,1.2497264480604284,0.9540094668613356,380,Muy Alto (>5)
"LUNCH BAG SUKI DESIGN, LUNCH BAG SPACEBOY DESIGN",LUNCH BAG CARS BLUE,0.011474228042773038,0.5488505747126436,10.358465608465607,0.01036651301272114,2.0991144943296565,0.9227515790650445,381,Muy Alto (>5)
LUNCH BAG RED RETROSPOT,"LUNCH BAG SUKI DESIGN, LUNCH BAG PINK POLKADOT",0.013937282229965157,0.20714285714285716,10.354654654654654,0.012591290239425904,1.2360299744656347,0.9685955038711482,382,Muy Alto (>5)
"LUNCH BAG SUKI DESIGN, LUNCH BAG PINK POLKADOT",LUNCH BAG RED RETROSPOT,0.013937282229965157,0.6966966966966966,10.354654654654654,0.012591290239425904,3.0751942309453817,0.9218668419728713,383,Muy Alto (>5)
JUMBO BAG PINK POLKADOT,"JUMBO  BAG BAROQUE BLACK WHITE, JUMBO BAG RED RETROSPOT",0.010513036164844407,0.21551724137931033,10.338616714697405,0.009496165489108935,1.2481525443197916,0.9495970695970697,384,Muy Alto (>5)
"JUMBO  BAG BAROQUE BLACK WHITE, JUMBO BAG RED RETROSPOT",JUMBO BAG PINK POLKADOT,0.010513036164844407,0.5043227665706052,10.338616714697405,0.009496165489108935,1.919030062393647,0.9225056751947973,385,Muy Alto (>5)
JUMBO BAG SPACEBOY DESIGN,JUMBO STORAGE BAG SUKI,0.011113781088549803,0.44685990338164255,10.331152710681698,0.01003802687217287,1.729663734996461,0.9262417913231122,386,Muy Alto (>5)
JUMBO STORAGE BAG SUKI,JUMBO BAG SPACEBOY DESIGN,0.011113781088549803,0.2569444444444445,10.331152710681696,0.01003802687217287,1.3123233557274572,0.9440384752453069,387,Muy Alto (>5)
"LUNCH BAG WOODLAND, LUNCH BAG SPACEBOY DESIGN",LUNCH BAG PINK POLKADOT,0.010933557611438183,0.5260115606936416,10.325458065219763,0.009874664384389328,2.002278435015517,0.9223231982741185,388,Muy Alto (>5)
LUNCH BAG PINK POLKADOT,"LUNCH BAG WOODLAND, LUNCH BAG SPACEBOY DESIGN",0.010933557611438183,0.21462264150943394,10.325458065219761,0.009874664384389328,1.246807302316133,0.9516311008905008,389,Muy Alto (>5)
LUNCH BAG CARS BLUE,"LUNCH BAG SUKI DESIGN, LUNCH BAG  BLACK SKULL.",0.012855941367295447,0.24263038548752838,10.276909406680401,0.011604987324736837,1.2891865554005528,0.9532004780797132,390,Muy Alto (>5)
"LUNCH BAG SUKI DESIGN, LUNCH BAG  BLACK SKULL.",LUNCH BAG CARS BLUE,0.012855941367295447,0.5445292620865141,10.276909406680401,0.011604987324736837,2.0791989888691034,0.924521770531508,391,Muy Alto (>5)
LUNCH BAG APPLE DESIGN,LUNCH BAG ALPHABET DESIGN,0.016460410909527816,0.3672922252010724,10.275540135625297,0.014858508655021547,1.5240142692192555,0.9450337419088279,392,Muy Alto (>5)
LUNCH BAG ALPHABET DESIGN,LUNCH BAG APPLE DESIGN,0.016460410909527816,0.46050420168067235,10.275540135625297,0.014858508655021547,1.770513193369124,0.9361433241760867,393,Muy Alto (>5)
LUNCH BAG PINK POLKADOT,"LUNCH BAG SUKI DESIGN, LUNCH BAG CARS BLUE",0.0114141535504025,0.2240566037735849,10.274507510785385,0.010303233777515984,1.2606498927971597,0.951125059134734,394,Muy Alto (>5)
"LUNCH BAG SUKI DESIGN, LUNCH BAG CARS BLUE",LUNCH BAG PINK POLKADOT,0.0114141535504025,0.5234159779614326,10.274507510785385,0.010303233777515984,1.9913735806967117,0.9227951657686254,395,Muy Alto (>5)
"LUNCH BAG RED RETROSPOT, LUNCH BAG SPACEBOY DESIGN",LUNCH BAG SUKI DESIGN,0.012615643397813289,0.5121951219512195,10.198564593301436,0.011378641535208091,1.9470443349753697,0.9247234247234246,396,Muy Alto (>5)
LUNCH BAG SUKI DESIGN,"LUNCH BAG RED RETROSPOT, LUNCH BAG SPACEBOY DESIGN",0.012615643397813289,0.25119617224880386,10.198564593301436,0.011378641535208091,1.302570075072003,0.9496400710821963,397,Muy Alto (>5)
LUNCH BAG RED RETROSPOT,"LUNCH BAG PINK POLKADOT, LUNCH BAG SPACEBOY DESIGN",0.013757058752853539,0.20446428571428574,10.190157185628744,0.01240702474432468,1.2317927428664743,0.9669240552683286,398,Muy Alto (>5)
"LUNCH BAG PINK POLKADOT, LUNCH BAG SPACEBOY DESIGN",LUNCH BAG RED RETROSPOT,0.013757058752853539,0.6856287425149701,10.190157185628744,0.01240702474432468,2.9669269894669394,0.9203324474065762,399,Muy Alto (>5)
LUNCH BAG CARS BLUE,"LUNCH BAG PINK POLKADOT, LUNCH BAG RED RETROSPOT",0.015258921062117025,0.28798185941043086,10.177804738314293,0.013759686064546783,1.364719322023003,0.9521999692311995,400,Muy Alto (>5)
"LUNCH BAG PINK POLKADOT, LUNCH BAG RED RETROSPOT",LUNCH BAG CARS BLUE,0.015258921062117025,0.5392781316348195,10.177804738314293,0.013759686064546783,2.0555010794029758,0.9280049653762368,401,Muy Alto (>5)
JUMBO BAG PINK VINTAGE PAISLEY,"JUMBO BAG PINK POLKADOT, JUMBO BAG RED RETROSPOT",0.010272738195362249,0.30922242314647375,10.172562165407513,0.009262890525883718,1.4036389416069643,0.9326811301125074,402,Muy Alto (>5)
"JUMBO BAG PINK POLKADOT, JUMBO BAG RED RETROSPOT",JUMBO BAG PINK VINTAGE PAISLEY,0.010272738195362249,0.3379446640316205,10.172562165407513,0.009262890525883718,1.46026888266824,0.9299651441698006,403,Muy Alto (>5)
LUNCH BAG WOODLAND,LUNCH BAG DOLLY GIRL DESIGN,0.012795866874924906,0.3160237388724036,10.155465554575349,0.01153586881711455,1.4165424562466136,0.9395744195534674,404,Muy Alto (>5)
LUNCH BAG DOLLY GIRL DESIGN,LUNCH BAG WOODLAND,0.012795866874924906,0.41119691119691115,10.155465554575347,0.01153586881711455,1.6295936797694714,0.930486274126239,405,Muy Alto (>5)
"LUNCH BAG  BLACK SKULL., LUNCH BAG SPACEBOY DESIGN",LUNCH BAG CARS BLUE,0.012555568905442748,0.5372750642673522,10.14000081609336,0.011317347219551402,2.046603121203626,0.9229490542609102,406,Muy Alto (>5)
LUNCH BAG CARS BLUE,"LUNCH BAG  BLACK SKULL., LUNCH BAG SPACEBOY DESIGN",0.012555568905442748,0.23696145124716553,10.14000081609336,0.011317347219551402,1.2799235688211776,0.9518131676680802,407,Muy Alto (>5)
LUNCH BAG SPACEBOY DESIGN,"LUNCH BAG SUKI DESIGN, LUNCH BAG  BLACK SKULL.",0.01243541992070167,0.2371134020618557,10.043230765195037,0.011197230715312027,1.2798635172478738,0.9502672425912194,408,Muy Alto (>5)
"LUNCH BAG SUKI DESIGN, LUNCH BAG  BLACK SKULL.",LUNCH BAG SPACEBOY DESIGN,0.01243541992070167,0.5267175572519084,10.043230765195037,0.011197230715312027,2.0020919488552904,0.9222029912872274,409,Muy Alto (>5)
LUNCH BAG SPACEBOY DESIGN,"LUNCH BAG SUKI DESIGN, LUNCH BAG CARS BLUE",0.011474228042773038,0.21878579610538373,10.032805404876633,0.010330557097336802,1.252144359886024,0.9501580505888019,410,Muy Alto (>5)
"LUNCH BAG SUKI DESIGN, LUNCH BAG CARS BLUE",LUNCH BAG SPACEBOY DESIGN,0.011474228042773038,0.5261707988980716,10.032805404876633,0.010330557097336802,1.9997817060597,0.9203981411249264,411,Muy Alto (>5)
"LUNCH BAG PINK POLKADOT, LUNCH BAG CARS BLUE",LUNCH BAG SPACEBOY DESIGN,0.01249549441307221,0.5252525252525252,10.015296145880338,0.011247853381687226,1.9959136563381144,0.9220887573964498,412,Muy Alto (>5)
LUNCH BAG SPACEBOY DESIGN,"LUNCH BAG PINK POLKADOT, LUNCH BAG CARS BLUE",0.01249549441307221,0.23825887743413515,10.015296145880338,0.011247853381687226,1.2815515299121287,0.9499741525196417,413,Muy Alto (>5)
LUNCH BAG  BLACK SKULL.,"LUNCH BAG CARS BLUE, LUNCH BAG RED RETROSPOT",0.014838399615523249,0.24799196787148595,9.995337281328705,0.013353867458390204,1.2967803440752514,0.9572283374940177,414,Muy Alto (>5)
"LUNCH BAG CARS BLUE, LUNCH BAG RED RETROSPOT",LUNCH BAG  BLACK SKULL.,0.014838399615523249,0.5980629539951574,9.995337281328705,0.013353867458390204,2.339087215134719,0.9228499649960806,415,Muy Alto (>5)
"LUNCH BAG PINK POLKADOT, JUMBO BAG RED RETROSPOT",LUNCH BAG RED RETROSPOT,0.01021266370299171,0.6719367588932805,9.986660079051381,0.009190033151621046,2.8430999017094445,0.9137544360756562,416,Muy Alto (>5)
"LUNCH BAG CARS BLUE, LUNCH BAG RED RETROSPOT",LUNCH BAG SPACEBOY DESIGN,0.012976090352036526,0.5230024213075061,9.972392102044383,0.01167488897334461,1.9864984865497177,0.9226139140434094,417,Muy Alto (>5)
LUNCH BAG SPACEBOY DESIGN,"LUNCH BAG CARS BLUE, LUNCH BAG RED RETROSPOT",0.012976090352036526,0.24742268041237114,9.972392102044383,0.01167488897334461,1.2957993939882715,0.9495208055960608,418,Muy Alto (>5)
JUMBO STORAGE BAG SUKI,JUMBO STORAGE BAG SKULLS,0.011654451519884658,0.2694444444444445,9.96704938271605,0.010485153458605383,1.3318172328363977,0.9403426414175872,419,Muy Alto (>5)
JUMBO STORAGE BAG SKULLS,JUMBO STORAGE BAG SUKI,0.011654451519884658,0.4311111111111111,9.96704938271605,0.010485153458605383,1.681780720593536,0.9246663933821001,420,Muy Alto (>5)
LUNCH BAG CARS BLUE,"LUNCH BAG RED RETROSPOT, LUNCH BAG SPACEBOY DESIGN",0.012976090352036526,0.2448979591836735,9.942857142857143,0.011671023793642047,1.2917054986020504,0.9497483718176435,421,Muy Alto (>5)
"LUNCH BAG RED RETROSPOT, LUNCH BAG SPACEBOY DESIGN",LUNCH BAG CARS BLUE,0.012976090352036526,0.526829268292683,9.942857142857143,0.011671023793642047,2.0014219694276574,0.922138047138047,422,Muy Alto (>5)
LUNCH BAG CARS BLUE,"LUNCH BAG SUKI DESIGN, LUNCH BAG RED RETROSPOT",0.012976090352036526,0.2448979591836735,9.942857142857143,0.011671023793642047,1.2917054986020504,0.9497483718176435,423,Muy Alto (>5)
"LUNCH BAG SUKI DESIGN, LUNCH BAG RED RETROSPOT",LUNCH BAG CARS BLUE,0.012976090352036526,0.526829268292683,9.942857142857143,0.011671023793642047,2.0014219694276574,0.922138047138047,424,Muy Alto (>5)
LUNCH BAG  BLACK SKULL.,"LUNCH BAG SUKI DESIGN, LUNCH BAG SPACEBOY DESIGN",0.01243541992070167,0.20783132530120482,9.941265060240964,0.011184530839146466,1.235966667108279,0.9566495346575914,425,Muy Alto (>5)
"LUNCH BAG SUKI DESIGN, LUNCH BAG SPACEBOY DESIGN",LUNCH BAG  BLACK SKULL.,0.01243541992070167,0.5948275862068966,9.941265060240964,0.011184530839146466,2.3204092223293054,0.9186136469131982,426,Muy Alto (>5)
"LUNCH BAG  BLACK SKULL., LUNCH BAG RED RETROSPOT",LUNCH BAG SUKI DESIGN,0.014477952661300012,0.4979338842975206,9.914602198584365,0.013017687047883145,1.8917383481442913,0.926064982097754,427,Muy Alto (>5)
LUNCH BAG SUKI DESIGN,"LUNCH BAG  BLACK SKULL., LUNCH BAG RED RETROSPOT",0.014477952661300012,0.2882775119617225,9.914602198584365,0.013017687047883145,1.3641889388219544,0.946683253678931,428,Muy Alto (>5)
"LUNCH BAG  BLACK SKULL., LUNCH BAG CARS BLUE",LUNCH BAG SPACEBOY DESIGN,0.012555568905442748,0.5199004975124378,9.913245912476564,0.011289024222067082,1.9736637160649155,0.9213760487493946,429,Muy Alto (>5)
LUNCH BAG SPACEBOY DESIGN,"LUNCH BAG  BLACK SKULL., LUNCH BAG CARS BLUE",0.012555568905442748,0.23940435280641464,9.913245912476562,0.011289024222067082,1.2830076765068203,0.9488894018820241,430,Muy Alto (>5)
HAND OVER THE CHOCOLATE   SIGN,PLEASE ONE PERSON METAL SIGN,0.013817133245224078,0.3958691910499139,9.879518072289157,0.012418569758207494,1.5889444791883816,0.9312854030501089,431,Muy Alto (>5)
PLEASE ONE PERSON METAL SIGN,HAND OVER THE CHOCOLATE   SIGN,0.013817133245224078,0.3448275862068965,9.879518072289155,0.012418569758207494,1.4730423620025674,0.9362976406533575,432,Muy Alto (>5)
"JUMBO STORAGE BAG SUKI, JUMBO BAG RED RETROSPOT",JUMBO SHOPPER VINTAGE RED PAISLEY,0.010873483119067644,0.4436274509803922,9.859309144218436,0.009770618510603275,1.7164833291960444,0.9211507826604126,433,Muy Alto (>5)
JUMBO SHOPPER VINTAGE RED PAISLEY,"JUMBO STORAGE BAG SUKI, JUMBO BAG RED RETROSPOT",0.010873483119067644,0.2416555407209613,9.859309144218436,0.009770618510603275,1.2863410488160247,0.9409100087337094,434,Muy Alto (>5)
"LUNCH BAG SUKI DESIGN, LUNCH BAG APPLE DESIGN",LUNCH BAG  BLACK SKULL.,0.011654451519884658,0.5896656534954408,9.85499444586858,0.010471858106575282,2.2912188892003864,0.9166456589137001,435,Muy Alto (>5)
"LUNCH BAG SUKI DESIGN, LUNCH BAG CARS BLUE",LUNCH BAG  BLACK SKULL.,0.012855941367295447,0.5895316804407714,9.852755374113535,0.011551134652914586,2.2904710565933977,0.9185361029592816,436,Muy Alto (>5)
LUNCH BAG  BLACK SKULL.,"LUNCH BAG SUKI DESIGN, LUNCH BAG CARS BLUE",0.012855941367295447,0.21485943775100402,9.852755374113535,0.011551134652914586,1.2458825926245731,0.9556883938968678,437,Muy Alto (>5)
LUNCH BAG RED RETROSPOT,"LUNCH BAG PINK POLKADOT, LUNCH BAG  BLACK SKULL.",0.017601826264568063,0.26160714285714287,9.8522907239819,0.01581525431316161,1.3183321926201792,0.9633159658641521,438,Muy Alto (>5)
"LUNCH BAG PINK POLKADOT, LUNCH BAG  BLACK SKULL.",LUNCH BAG RED RETROSPOT,0.017601826264568063,0.6628959276018099,9.8522907239819,0.01581525431316161,2.7668504919254238,0.9230093610223913,439,Muy Alto (>5)
LUNCH BAG  BLACK SKULL.,"LUNCH BAG RED RETROSPOT, LUNCH BAG WOODLAND",0.012855941367295447,0.21485943775100402,9.825687364843992,0.011547540144059542,1.2458060783094824,0.9553910005673165,440,Muy Alto (>5)
"LUNCH BAG RED RETROSPOT, LUNCH BAG WOODLAND",LUNCH BAG  BLACK SKULL.,0.012855941367295447,0.5879120879120879,9.825687364843992,0.011547540144059542,2.281469021586768,0.9183066674166873,441,Muy Alto (>5)
"LUNCH BAG SUKI DESIGN, LUNCH BAG RED RETROSPOT",LUNCH BAG  BLACK SKULL.,0.014477952661300012,0.5878048780487805,9.823895582329316,0.013004204030732098,2.2808756230506892,0.9208893918437486,442,Muy Alto (>5)
LUNCH BAG  BLACK SKULL.,"LUNCH BAG SUKI DESIGN, LUNCH BAG RED RETROSPOT",0.014477952661300012,0.24196787148594376,9.823895582329316,0.013004204030732098,1.2867125566828697,0.9553712566118278,443,Muy Alto (>5)
"LUNCH BAG  BLACK SKULL., LUNCH BAG WOODLAND",LUNCH BAG RED RETROSPOT,0.012855941367295447,0.6604938271604938,9.81658950617284,0.01154632753866266,2.7472742564416235,0.9159599966560814,444,Muy Alto (>5)
"LUNCH BAG PINK POLKADOT, LUNCH BAG RED RETROSPOT",LUNCH BAG SUKI DESIGN,0.013937282229965157,0.4925690021231422,9.807779437011753,0.012516238626826015,1.8717376911386854,0.9241901614880349,445,Muy Alto (>5)
LUNCH BAG SUKI DESIGN,"LUNCH BAG PINK POLKADOT, LUNCH BAG RED RETROSPOT",0.013937282229965157,0.27751196172248804,9.807779437011753,0.012516238626826015,1.3449425632154732,0.9455266199917118,446,Muy Alto (>5)
"LUNCH BAG PINK POLKADOT, LUNCH BAG APPLE DESIGN",LUNCH BAG RED RETROSPOT,0.010573110657214946,0.6591760299625469,9.797003745318353,0.009493891853989779,2.7366519099067466,0.9125654246846016,447,Muy Alto (>5)
LUNCH BAG SPACEBOY DESIGN,LUNCH BAG WOODLAND,0.020785774360206656,0.3963344788087056,9.788403166542603,0.018662264119920093,1.5894725778751229,0.9475316163679135,448,Muy Alto (>5)
LUNCH BAG WOODLAND,LUNCH BAG SPACEBOY DESIGN,0.020785774360206656,0.5133531157270029,9.788403166542603,0.018662264119920093,1.9471099040859445,0.9357260321168983,449,Muy Alto (>5)
"JUMBO BAG STRAWBERRY, JUMBO BAG RED RETROSPOT",JUMBO STORAGE BAG SUKI,0.01003244022588009,0.42278481012658226,9.774549929676512,0.009006056372090506,1.657521115657099,0.9195130138467756,450,Muy Alto (>5)
JUMBO STORAGE BAG SUKI,"JUMBO BAG STRAWBERRY, JUMBO BAG RED RETROSPOT",0.01003244022588009,0.23194444444444445,9.774549929676512,0.009006056372090506,1.2710936968712814,0.9382774072600748,451,Muy Alto (>5)
"LUNCH BAG SUKI DESIGN, LUNCH BAG RED RETROSPOT",LUNCH BAG SPACEBOY DESIGN,0.012615643397813289,0.5121951219512195,9.766323024054984,0.011323893845116714,1.9424876847290642,0.9202741702741702,452,Muy Alto (>5)
LUNCH BAG SPACEBOY DESIGN,"LUNCH BAG SUKI DESIGN, LUNCH BAG RED RETROSPOT",0.012615643397813289,0.24054982817869416,9.766323024054982,0.011323893845116714,1.2843100104763392,0.9472878608109699,453,Muy Alto (>5)
"LUNCH BAG CARS BLUE, LUNCH BAG WOODLAND",LUNCH BAG  BLACK SKULL.,0.011173855580920341,0.5830721003134797,9.744797371303395,0.010027207256161403,2.2549841502711483,0.9149143413739758,454,Muy Alto (>5)
60 TEATIME FAIRY CAKE CASES,PACK OF 72 RETROSPOT CAKE CASES,0.017421602787456445,0.49403747870528114,9.743777097782122,0.015633630565532162,1.8762202504843382,0.9301717159354191,455,Muy Alto (>5)
PACK OF 72 RETROSPOT CAKE CASES,60 TEATIME FAIRY CAKE CASES,0.017421602787456445,0.34360189573459715,9.74377709778212,0.015633630565532162,1.4697426252596542,0.9452998092777432,456,Muy Alto (>5)
"LUNCH BAG APPLE DESIGN, LUNCH BAG RED RETROSPOT",LUNCH BAG SPACEBOY DESIGN,0.01021266370299171,0.5105105105105104,9.734201555507397,0.009163511017508882,1.9358024809659682,0.9155855488765727,457,Muy Alto (>5)
JUMBO BAG VINTAGE LEAF,JUMBO BAG APPLES,0.015559293523969722,0.36530324400564174,9.713798402105292,0.013957521191470262,1.5163042172293644,0.9369614866257898,458,Muy Alto (>5)
JUMBO BAG APPLES,JUMBO BAG VINTAGE LEAF,0.015559293523969722,0.4137380191693291,9.713798402105292,0.013957521191470262,1.6330705660850522,0.9321070669385276,459,Muy Alto (>5)
JUMBO BAG APPLES,JUMBO BAG ALPHABET,0.015258921062117025,0.4057507987220448,9.704206602768904,0.013686518321045622,1.612434903150875,0.9320013369115377,460,Muy Alto (>5)
JUMBO BAG ALPHABET,JUMBO BAG APPLES,0.015258921062117025,0.3649425287356322,9.704206602768904,0.013686518321045622,1.51544295016318,0.9360916249105224,461,Muy Alto (>5)
JUMBO BAG SCANDINAVIAN BLUE PAISLEY,JUMBO SHOPPER VINTAGE RED PAISLEY,0.011113781088549803,0.4363207547169812,9.6969229412802,0.009967666887596633,1.6942334017193874,0.9203164204766966,462,Muy Alto (>5)
JUMBO SHOPPER VINTAGE RED PAISLEY,JUMBO BAG SCANDINAVIAN BLUE PAISLEY,0.011113781088549803,0.24699599465954608,9.696922941280198,0.009967666887596633,1.2941875585300242,0.9391314696466612,463,Muy Alto (>5)
"LUNCH BAG SUKI DESIGN, LUNCH BAG APPLE DESIGN",LUNCH BAG CARS BLUE,0.01015258921062117,0.5136778115501519,9.694649491002073,0.009105352874738772,1.9472981497056348,0.9149335303181457,464,Muy Alto (>5)
"LUNCH BAG APPLE DESIGN, LUNCH BAG RED RETROSPOT",LUNCH BAG  BLACK SKULL.,0.011594377027514117,0.5795795795795795,9.686427391246667,0.010397405578784567,2.2362515233174847,0.9150685314392126,465,Muy Alto (>5)
"JUMBO BAG PINK POLKADOT, JUMBO BAG RED RETROSPOT",JUMBO STORAGE BAG SUKI,0.012735792382554368,0.41897233201581024,9.686407553798858,0.011420981673649229,1.646645105236616,0.924876668770896,466,Muy Alto (>5)
JUMBO STORAGE BAG SUKI,"JUMBO BAG PINK POLKADOT, JUMBO BAG RED RETROSPOT",0.012735792382554368,0.29444444444444445,9.686407553798858,0.011420981673649229,1.3742394900385142,0.937304372344736,467,Muy Alto (>5)
PACK OF 72 RETROSPOT CAKE CASES,PACK OF 60 DINOSAUR CAKE CASES,0.013997356722335695,0.27606635071090047,9.674527313544525,0.012550530818734274,1.341924936184371,0.9445259550456209,468,Muy Alto (>5)
PACK OF 60 DINOSAUR CAKE CASES,PACK OF 72 RETROSPOT CAKE CASES,0.013997356722335695,0.4905263157894736,9.674527313544523,0.012550530818734274,1.8632898182175648,0.9229731705912375,469,Muy Alto (>5)
JUMBO BAG PINK POLKADOT,"JUMBO SHOPPER VINTAGE RED PAISLEY, JUMBO BAG RED RETROSPOT",0.010573110657214946,0.2167487684729064,9.672922252010723,0.009480047942375374,1.2481208774351895,0.9425990675990676,470,Muy Alto (>5)
"JUMBO SHOPPER VINTAGE RED PAISLEY, JUMBO BAG RED RETROSPOT",JUMBO BAG PINK POLKADOT,0.010573110657214946,0.4718498659517426,9.672922252010723,0.009480047942375374,1.8010399900953322,0.9171703826192856,471,Muy Alto (>5)
"LUNCH BAG RED RETROSPOT, LUNCH BAG SPACEBOY DESIGN",LUNCH BAG  BLACK SKULL.,0.014237654691817854,0.5780487804878048,9.660843373493975,0.01276390606124994,2.2281386144252395,0.9191279887482419,472,Muy Alto (>5)
LUNCH BAG  BLACK SKULL.,"LUNCH BAG RED RETROSPOT, LUNCH BAG SPACEBOY DESIGN",0.014237654691817854,0.23795180722891562,9.660843373493973,0.01276390606124994,1.2799314628400085,0.9535438993812432,473,Muy Alto (>5)
"LUNCH BAG CARS BLUE, LUNCH BAG WOODLAND",LUNCH BAG RED RETROSPOT,0.01243541992070167,0.6489028213166145,9.644318181818182,0.01114601618201692,2.6565766550522656,0.9138243193382585,474,Muy Alto (>5)
"LUNCH BAG PINK POLKADOT, LUNCH BAG  BLACK SKULL.",LUNCH BAG SUKI DESIGN,0.012855941367295447,0.4841628959276018,9.640401394271365,0.01152239301785277,1.8412357639262162,0.9207176259698193,475,Muy Alto (>5)
LUNCH BAG SUKI DESIGN,"LUNCH BAG PINK POLKADOT, LUNCH BAG  BLACK SKULL.",0.012855941367295447,0.2559808612440192,9.640401394271365,0.01152239301785277,1.3083629488346902,0.9436627711078401,476,Muy Alto (>5)
LUNCH BAG CARS BLUE,"LUNCH BAG  BLACK SKULL., LUNCH BAG RED RETROSPOT",0.014838399615523249,0.28004535147392295,9.631477108749838,0.013297784458784401,1.3485904253557879,0.9463149265430278,477,Muy Alto (>5)
"LUNCH BAG  BLACK SKULL., LUNCH BAG RED RETROSPOT",LUNCH BAG CARS BLUE,0.014838399615523249,0.5103305785123967,9.631477108749836,0.013297784458784401,1.9339870046452539,0.9230112920445669,478,Muy Alto (>5)
PACK OF 72 RETROSPOT CAKE CASES,PACK OF 60 PINK PAISLEY CAKE CASES,0.017301453802715368,0.3412322274881517,9.627375692826734,0.015504343732978865,1.464182204638788,0.9439926732199863,479,Muy Alto (>5)
PACK OF 60 PINK PAISLEY CAKE CASES,PACK OF 72 RETROSPOT CAKE CASES,0.017301453802715368,0.48813559322033895,9.627375692826734,0.015504343732978865,1.854587105229027,0.9290590571887283,480,Muy Alto (>5)
"LUNCH BAG  BLACK SKULL., JUMBO BAG RED RETROSPOT",LUNCH BAG RED RETROSPOT,0.01015258921062117,0.6475095785440613,9.623611111111112,0.009097622515333647,2.646076352067869,0.9103628842226527,481,Muy Alto (>5)
LUNCH BAG  BLACK SKULL.,"LUNCH BAG CARS BLUE, LUNCH BAG SPACEBOY DESIGN",0.012555568905442748,0.20983935742971885,9.622550809297797,0.011250762191061888,1.2379672013118375,0.953105767613923,482,Muy Alto (>5)
"LUNCH BAG CARS BLUE, LUNCH BAG SPACEBOY DESIGN",LUNCH BAG  BLACK SKULL.,0.012555568905442748,0.5757575757575757,9.622550809297795,0.011250762191061888,2.2161051131975076,0.916053876015347,483,Muy Alto (>5)
JUMBO BAG PINK VINTAGE PAISLEY,JUMBO SHOPPER VINTAGE RED PAISLEY,0.014357803676558933,0.4321880650994575,9.605076811275794,0.012862989636164824,1.6819023104573239,0.9266735946682294,484,Muy Alto (>5)
JUMBO SHOPPER VINTAGE RED PAISLEY,JUMBO BAG PINK VINTAGE PAISLEY,0.014357803676558933,0.3190921228304406,9.605076811275794,0.012862989636164824,1.4198378931050974,0.938098896583998,485,Muy Alto (>5)
"LUNCH BAG WOODLAND, LUNCH BAG SPACEBOY DESIGN",LUNCH BAG RED RETROSPOT,0.013396611798630302,0.6445086705202313,9.579010115606938,0.011998073574226154,2.623739290378607,0.9146160829733968,486,Muy Alto (>5)
"LUNCH BAG APPLE DESIGN, LUNCH BAG SPACEBOY DESIGN",LUNCH BAG RED RETROSPOT,0.01021266370299171,0.643939393939394,9.570549242424244,0.009145570953735365,2.6195444052753083,0.9099441998750422,487,Muy Alto (>5)
LUNCH BAG SUKI DESIGN,"LUNCH BAG PINK POLKADOT, LUNCH BAG CARS BLUE",0.0114141535504025,0.22727272727272732,9.55348943985308,0.010219390775788699,1.2633312366157565,0.9426691967109424,488,Muy Alto (>5)
"LUNCH BAG PINK POLKADOT, LUNCH BAG CARS BLUE",LUNCH BAG SUKI DESIGN,0.0114141535504025,0.47979797979797983,9.553489439853077,0.010219390775788699,1.8257863051154308,0.9171446153846153,489,Muy Alto (>5)
LUNCH BAG RED RETROSPOT,"LUNCH BAG PINK POLKADOT, LUNCH BAG CARS BLUE",0.015258921062117025,0.2267857142857143,9.53301767676768,0.013658281938232509,1.2625355209512916,0.9596714071696854,490,Muy Alto (>5)
"LUNCH BAG PINK POLKADOT, LUNCH BAG CARS BLUE",LUNCH BAG RED RETROSPOT,0.015258921062117025,0.6414141414141414,9.533017676767678,0.013658281938232509,2.60109690946351,0.9169143549364022,491,Muy Alto (>5)
"LUNCH BAG  BLACK SKULL., LUNCH BAG APPLE DESIGN",LUNCH BAG RED RETROSPOT,0.011594377027514117,0.6390728476821192,9.498220198675497,0.010373687594652693,2.584223887161365,0.9112494578987014,492,Muy Alto (>5)
SET OF TEA COFFEE SUGAR TINS PANTRY,SET OF 3 CAKE TINS PANTRY DESIGN,0.010813408626697104,0.5696202531645569,9.415986826392468,0.00966499913695698,2.1829674678954842,0.9110934204259372,493,Muy Alto (>5)
PACK OF 72 RETROSPOT CAKE CASES,PACK OF 72 SKULL CAKE CASES,0.012675717890183827,0.25,9.415158371040723,0.01132940831251682,1.2979294324962953,0.9415263890646753,494,Muy Alto (>5)
PACK OF 72 SKULL CAKE CASES,PACK OF 72 RETROSPOT CAKE CASES,0.012675717890183827,0.4773755656108597,9.415158371040723,0.01132940831251682,1.8164040293080301,0.9181683534929648,495,Muy Alto (>5)
JUMBO BAG STRAWBERRY,JUMBO BAG PINK POLKADOT,0.01706115583323321,0.4565916398713826,9.360128617363344,0.015238407820819769,1.7504690431519698,0.927833601710111,496,Muy Alto (>5)
JUMBO BAG PINK POLKADOT,JUMBO BAG STRAWBERRY,0.01706115583323321,0.34975369458128075,9.360128617363342,0.015238407820819769,1.4804138950480412,0.9389671361502349,497,Muy Alto (>5)
JUMBO BAG PINK POLKADOT,"LUNCH BAG RED RETROSPOT, JUMBO BAG RED RETROSPOT",0.01033281268773279,0.2118226600985222,9.352785145888594,0.009228028120723356,1.240015243902439,0.9388789505068575,498,Muy Alto (>5)
"LUNCH BAG RED RETROSPOT, JUMBO BAG RED RETROSPOT",JUMBO BAG PINK POLKADOT,0.01033281268773279,0.4562334217506631,9.352785145888593,0.009228028120723356,1.7493158834027365,0.9137752352526635,499,Muy Alto (>5)
LUNCH BAG SPACEBOY DESIGN,"LUNCH BAG  BLACK SKULL., LUNCH BAG RED RETROSPOT",0.014237654691817854,0.27147766323024053,9.336812359773933,0.012712760097902872,1.3327305103611495,0.9423169059127638,500,Muy Alto (>5)
"LUNCH BAG  BLACK SKULL., LUNCH BAG RED RETROSPOT",LUNCH BAG SPACEBOY DESIGN,0.014237654691817854,0.48966942148760323,9.336812359773933,0.012712760097902872,1.8567473870027982,0.9196364655959673,501,Muy Alto (>5)
SCOTTIE DOG HOT WATER BOTTLE,CHOCOLATE HOT WATER BOTTLE,0.013817133245224078,0.3715670436187399,9.328966829679553,0.012336033194437565,1.5278807417856242,0.9272892754346604,502,Muy Alto (>5)
CHOCOLATE HOT WATER BOTTLE,SCOTTIE DOG HOT WATER BOTTLE,0.013817133245224078,0.3469079939668175,9.328966829679553,0.012336033194437565,1.4742392807265767,0.9298420332472817,503,Muy Alto (>5)
JUMBO BAG WOODLAND ANIMALS,JUMBO BAG PINK POLKADOT,0.01003244022588009,0.45504087193460496,9.328337874659402,0.008956960289295312,1.7454878048780489,0.9129273855998306,504,Muy Alto (>5)
JUMBO BAG PINK POLKADOT,JUMBO BAG WOODLAND ANIMALS,0.01003244022588009,0.20566502463054187,9.3283378746594,0.008956960289295312,1.2311590092645113,0.9385843697220945,505,Muy Alto (>5)
"LUNCH BAG WOODLAND, LUNCH BAG SPACEBOY DESIGN",LUNCH BAG  BLACK SKULL.,0.011594377027514117,0.5578034682080926,9.32248647770272,0.010350676963669,2.1261265930538187,0.911682507390572,506,Muy Alto (>5)
LUNCH BAG APPLE DESIGN,LUNCH BAG DOILEY PATTERN,0.01033281268773279,0.23056300268096516,9.292861362293817,0.009220904064016672,1.2674062178564836,0.9342599093169518,507,Muy Alto (>5)
LUNCH BAG DOILEY PATTERN,LUNCH BAG APPLE DESIGN,0.01033281268773279,0.4164648910411622,9.292861362293815,0.009220904064016672,1.6368928176332842,0.9150947180520873,508,Muy Alto (>5)
JUMBO BAG STRAWBERRY,JUMBO BAG PINK VINTAGE PAISLEY,0.011534302535143579,0.3086816720257235,9.29170906426798,0.010292948285310285,1.3984567840866862,0.9270163764769511,509,Muy Alto (>5)
JUMBO BAG PINK VINTAGE PAISLEY,JUMBO BAG STRAWBERRY,0.011534302535143579,0.34719710669077763,9.29170906426798,0.010292948285310285,1.474616114009072,0.9230417210381323,510,Muy Alto (>5)
PAINTED METAL PEARS ASSORTED,ASSORTED COLOUR BIRD ORNAMENT,0.014598101646041091,0.7253731343283583,9.288123995407577,0.01302640625811787,3.3569299844851104,0.9106626773368373,511,Muy Alto (>5)
"LUNCH BAG PINK POLKADOT, LUNCH BAG RED RETROSPOT",LUNCH BAG SPACEBOY DESIGN,0.013757058752853539,0.4861995753715499,9.270650780795899,0.012273122071585034,1.8442082231553905,0.9181107293993777,512,Muy Alto (>5)
LUNCH BAG SPACEBOY DESIGN,"LUNCH BAG PINK POLKADOT, LUNCH BAG RED RETROSPOT",0.013757058752853539,0.2623138602520046,9.270650780795899,0.012273122071585034,1.3172335248503175,0.94151024206143,513,Muy Alto (>5)
LUNCH BAG APPLE DESIGN,"LUNCH BAG RED RETROSPOT, LUNCH BAG SPACEBOY DESIGN",0.01021266370299171,0.22788203753351208,9.25201072386059,0.00910883189736554,1.2632389162561577,0.933762486126526,514,Muy Alto (>5)
"LUNCH BAG RED RETROSPOT, LUNCH BAG SPACEBOY DESIGN",LUNCH BAG APPLE DESIGN,0.01021266370299171,0.4146341463414634,9.25201072386059,0.00910883189736554,1.6317733990147782,0.9144385026737967,515,Muy Alto (>5)
"LUNCH BAG PINK POLKADOT, LUNCH BAG  BLACK SKULL.",LUNCH BAG SPACEBOY DESIGN,0.012855941367295447,0.4841628959276018,9.231816226358374,0.011463372337315236,1.8369267365217083,0.9160014718876383,516,Muy Alto (>5)
LUNCH BAG SPACEBOY DESIGN,"LUNCH BAG PINK POLKADOT, LUNCH BAG  BLACK SKULL.",0.012855941367295447,0.24513172966781216,9.231816226358374,0.011463372337315236,1.2895588709058414,0.9410313732623654,517,Muy Alto (>5)
JUMBO  BAG BAROQUE BLACK WHITE,"JUMBO BAG PINK POLKADOT, JUMBO BAG RED RETROSPOT",0.010513036164844407,0.2795527156549521,9.19651087903623,0.009369881298490772,1.3458338006533868,0.9260902443374353,518,Muy Alto (>5)
"JUMBO BAG PINK POLKADOT, JUMBO BAG RED RETROSPOT",JUMBO  BAG BAROQUE BLACK WHITE,0.010513036164844407,0.34584980237154145,9.196510879036229,0.009369881298490772,1.4712116135790858,0.9192048150115064,519,Muy Alto (>5)
JUMBO BAG PINK POLKADOT,JUMBO STORAGE BAG SKULLS,0.012074972966478434,0.24753694581280788,9.156666666666666,0.01075626459736903,1.2930421939243941,0.9364714887102947,520,Muy Alto (>5)
JUMBO STORAGE BAG SKULLS,JUMBO BAG PINK POLKADOT,0.012074972966478434,0.4466666666666666,9.156666666666665,0.01075626459736903,1.7190714075815452,0.9155402292071378,521,Muy Alto (>5)
HOT WATER BOTTLE I AM SO POORLY,HOT WATER BOTTLE KEEP CALM,0.011053706596179262,0.38095238095238093,9.15055315055315,0.009845724257372665,1.5481335317331955,0.917334343871806,522,Muy Alto (>5)
HOT WATER BOTTLE KEEP CALM,HOT WATER BOTTLE I AM SO POORLY,0.011053706596179262,0.26551226551226553,9.15055315055315,0.009845724257372665,1.3219880667745094,0.9294098288723122,523,Muy Alto (>5)
"LUNCH BAG  BLACK SKULL., LUNCH BAG CARS BLUE",LUNCH BAG RED RETROSPOT,0.014838399615523249,0.6144278606965174,9.13193407960199,0.013213508383701089,2.419045551968312,0.9125317650765103,524,Muy Alto (>5)
LUNCH BAG RED RETROSPOT,"LUNCH BAG  BLACK SKULL., LUNCH BAG CARS BLUE",0.014838399615523249,0.2205357142857143,9.13193407960199,0.013213508383701089,1.251949668447982,0.9547318041931492,525,Muy Alto (>5)
LUNCH BAG RED RETROSPOT,"LUNCH BAG SUKI DESIGN, LUNCH BAG  BLACK SKULL.",0.014477952661300012,0.21517857142857144,9.114153944020357,0.012889439591384317,1.2440928457772278,0.9545027668753204,526,Muy Alto (>5)
"LUNCH BAG SUKI DESIGN, LUNCH BAG  BLACK SKULL.",LUNCH BAG RED RETROSPOT,0.014477952661300012,0.6132315521628499,9.114153944020355,0.012889439591384317,2.411563233145943,0.9118076637240032,527,Muy Alto (>5)
"JUMBO BAG PINK POLKADOT, JUMBO BAG STRAWBERRY",JUMBO BAG RED RETROSPOT,0.01351676078337138,0.7922535211267606,9.113926822858367,0.012033672204091767,4.395127245920536,0.9057306224449605,528,Muy Alto (>5)
LUNCH BAG APPLE DESIGN,JUMBO BAG APPLES,0.015318995554487565,0.34182305630026816,9.089435455549943,0.013633632846385172,1.462210697272765,0.9317385620915032,529,Muy Alto (>5)
JUMBO BAG APPLES,LUNCH BAG APPLE DESIGN,0.015318995554487565,0.40734824281150167,9.089435455549943,0.013633632846385172,1.6117128095981876,0.9247592470196568,530,Muy Alto (>5)
GIN + TONIC DIET METAL SIGN,PLEASE ONE PERSON METAL SIGN,0.013817133245224078,0.3639240506329114,9.08227848101266,0.012295804288607071,1.5091441745973961,0.9250156113400775,531,Muy Alto (>5)
PLEASE ONE PERSON METAL SIGN,GIN + TONIC DIET METAL SIGN,0.013817133245224078,0.3448275862068965,9.082278481012658,0.012295804288607071,1.4683660370438292,0.9270417422867514,532,Muy Alto (>5)
"LUNCH BAG DOLLY GIRL DESIGN, LUNCH BAG SPACEBOY DESIGN",LUNCH BAG  BLACK SKULL.,0.01021266370299171,0.5431309904153355,9.077267536600075,0.009087582431363034,2.057845434632651,0.9068871753685249,533,Muy Alto (>5)
LUNCH BAG SUKI DESIGN,LUNCH BAG DOLLY GIRL DESIGN,0.014177580199447315,0.2822966507177034,9.07164101900944,0.012614733943765628,1.3499747687132044,0.9368153603705014,534,Muy Alto (>5)
LUNCH BAG DOLLY GIRL DESIGN,LUNCH BAG SUKI DESIGN,0.014177580199447315,0.4555984555984556,9.07164101900944,0.012614733943765628,1.744627167474903,0.9183439265536724,535,Muy Alto (>5)
"JUMBO BAG STRAWBERRY, JUMBO STORAGE BAG SUKI",JUMBO BAG RED RETROSPOT,0.01003244022588009,0.7877358490566038,9.061956422526762,0.008925345934305167,4.301584631609862,0.9011250955555118,536,Muy Alto (>5)
JUMBO BAG PINK POLKADOT,JUMBO BAG SPACEBOY DESIGN,0.010993632103808723,0.22536945812807885,9.06159420289855,0.009780420404228073,1.2588312846562488,0.9352669188734762,537,Muy Alto (>5)
JUMBO BAG SPACEBOY DESIGN,JUMBO BAG PINK POLKADOT,0.010993632103808723,0.4420289855072464,9.06159420289855,0.009780420404228073,1.7047830218561923,0.9123346718483627,538,Muy Alto (>5)
LUNCH BAG RED RETROSPOT,"LUNCH BAG  BLACK SKULL., LUNCH BAG SPACEBOY DESIGN",0.014237654691817854,0.21160714285714285,9.05504498714653,0.012665309693860588,1.2387618858029483,0.9537348810841865,539,Muy Alto (>5)
"LUNCH BAG  BLACK SKULL., LUNCH BAG SPACEBOY DESIGN",LUNCH BAG RED RETROSPOT,0.014237654691817854,0.609254498714653,9.05504498714653,0.012665309693860588,2.387018060289496,0.9108499577851437,540,Muy Alto (>5)
HEART OF WICKER LARGE,HEART OF WICKER SMALL,0.02390964796347471,0.5031605562579013,9.025442477876105,0.02126050937308604,1.900515112021349,0.9335640675785106,541,Muy Alto (>5)
HEART OF WICKER SMALL,HEART OF WICKER LARGE,0.02390964796347471,0.42887931034482757,9.025442477876105,0.02126050937308604,1.6677404509894158,0.9417011255539691,542,Muy Alto (>5)
"JUMBO BAG PINK POLKADOT, JUMBO STORAGE BAG SUKI",JUMBO BAG RED RETROSPOT,0.012735792382554368,0.7822878228782288,8.999283413704905,0.01132059166077699,4.193941843818539,0.9035906668587067,543,Muy Alto (>5)
"LUNCH BAG SUKI DESIGN, LUNCH BAG SPACEBOY DESIGN",LUNCH BAG RED RETROSPOT,0.012615643397813289,0.603448275862069,8.96875,0.011209021137429925,2.352067868504772,0.9074733096085409,544,Muy Alto (>5)
LUNCH BAG WOODLAND,LUNCH BAG CARS BLUE,0.01916376306620209,0.47329376854599403,8.932480806368046,0.01701836096776824,1.7979933427309018,0.9255236632759367,545,Muy Alto (>5)
LUNCH BAG CARS BLUE,LUNCH BAG WOODLAND,0.01916376306620209,0.36167800453514737,8.932480806368046,0.01701836096776824,1.5031751983471937,0.9377355969197703,546,Muy Alto (>5)
"JUMBO BAG PINK POLKADOT, LUNCH BAG RED RETROSPOT",JUMBO BAG RED RETROSPOT,0.01033281268773279,0.7747747747747747,8.912854803663372,0.009173496967309992,4.054040610356842,0.8998027560348439,547,Muy Alto (>5)
LUNCH BAG APPLE DESIGN,"LUNCH BAG  BLACK SKULL., LUNCH BAG RED RETROSPOT",0.011594377027514117,0.2587131367292225,8.897807590898012,0.010291317042335909,1.309781669957909,0.9292579919835761,548,Muy Alto (>5)
"LUNCH BAG  BLACK SKULL., LUNCH BAG RED RETROSPOT",LUNCH BAG APPLE DESIGN,0.011594377027514117,0.3987603305785124,8.897807590898012,0.010291317042335909,1.5886916271021427,0.9141939161328339,549,Muy Alto (>5)
"LUNCH BAG SUKI DESIGN, LUNCH BAG APPLE DESIGN",LUNCH BAG RED RETROSPOT,0.011774600504625737,0.5957446808510639,8.854255319148937,0.010444776586044913,2.307246248506043,0.9049457620886192,550,Muy Alto (>5)
"LUNCH BAG RED RETROSPOT, JUMBO BAG RED RETROSPOT",LUNCH BAG PINK POLKADOT,0.01021266370299171,0.4509283819628647,8.851596516690856,0.009058898539415355,1.7284754835125988,0.9075810003145643,551,Muy Alto (>5)
LUNCH BAG PINK POLKADOT,"LUNCH BAG RED RETROSPOT, JUMBO BAG RED RETROSPOT",0.01021266370299171,0.20047169811320753,8.851596516690854,0.009058898539415355,1.2224106564706607,0.9346395299479456,552,Muy Alto (>5)
"LUNCH BAG SUKI DESIGN, LUNCH BAG CARS BLUE",LUNCH BAG RED RETROSPOT,0.012976090352036526,0.5950413223140496,8.843801652892562,0.011508837821809052,2.3032388733458062,0.9066988747637278,553,Muy Alto (>5)
"LUNCH BAG CARS BLUE, LUNCH BAG SPACEBOY DESIGN",LUNCH BAG RED RETROSPOT,0.012976090352036526,0.5950413223140496,8.843801652892562,0.011508837821809052,2.3032388733458062,0.9066988747637278,554,Muy Alto (>5)
"LUNCH BAG DOLLY GIRL DESIGN, LUNCH BAG SPACEBOY DESIGN",LUNCH BAG RED RETROSPOT,0.011173855580920341,0.5942492012779553,8.832028753993612,0.009908703950173237,2.2987424090912105,0.9037695963512093,555,Muy Alto (>5)
JUMBO BAG PINK POLKADOT,JUMBO BAG PINK VINTAGE PAISLEY,0.014297729184188394,0.2931034482758621,8.822784810126583,0.01267718312170506,1.367638310529447,0.9321266968325792,556,Muy Alto (>5)
JUMBO BAG PINK VINTAGE PAISLEY,JUMBO BAG PINK POLKADOT,0.014297729184188394,0.43037974683544306,8.822784810126583,0.01267718312170506,1.669918699186992,0.917125092751324,557,Muy Alto (>5)
LUNCH BAG PINK POLKADOT,LUNCH BAG CARS BLUE,0.023789498978733628,0.4669811320754717,8.8133423180593,0.02109023936527383,1.7766993904299742,0.934122846390222,558,Muy Alto (>5)
LUNCH BAG CARS BLUE,LUNCH BAG PINK POLKADOT,0.023789498978733628,0.44897959183673475,8.8133423180593,0.02109023936527383,1.7223623960377537,0.9361375746810914,559,Muy Alto (>5)
"JUMBO BAG PINK POLKADOT, JUMBO SHOPPER VINTAGE RED PAISLEY",JUMBO BAG RED RETROSPOT,0.010573110657214946,0.7652173913043478,8.802908566449325,0.00937201779371385,3.889011262854829,0.8988203028087896,560,Muy Alto (>5)
JUMBO STORAGE BAG SUKI,JUMBO  BAG BAROQUE BLACK WHITE,0.014297729184188394,0.3305555555555556,8.789820731274407,0.012671105658942116,1.4376000514496898,0.9262977827072058,561,Muy Alto (>5)
JUMBO  BAG BAROQUE BLACK WHITE,JUMBO STORAGE BAG SUKI,0.014297729184188394,0.3801916932907349,8.789820731274407,0.012671105658942116,1.5436165587596662,0.9208625772406341,562,Muy Alto (>5)
LUNCH BAG SUKI DESIGN,LUNCH BAG APPLE DESIGN,0.019764507989907486,0.39354066985645936,8.781337788780995,0.017513768015508763,1.5750181112153037,0.9329784350253485,563,Muy Alto (>5)
LUNCH BAG APPLE DESIGN,LUNCH BAG SUKI DESIGN,0.019764507989907486,0.4410187667560322,8.781337788780995,0.017513768015508763,1.6991227395351531,0.9276974250157711,564,Muy Alto (>5)
RETROSPOT HEART HOT WATER BOTTLE,CHOCOLATE HOT WATER BOTTLE,0.010092514718250631,0.34854771784232363,8.751018568934116,0.008939218717476643,1.4738924674239369,0.9121394103298337,565,Muy Alto (>5)
CHOCOLATE HOT WATER BOTTLE,RETROSPOT HEART HOT WATER BOTTLE,0.010092514718250631,0.25339366515837103,8.751018568934116,0.008939218717476643,1.3006105752951842,0.9224689625584326,566,Muy Alto (>5)
72 SWEETHEART FAIRY CAKE CASES,PACK OF 72 RETROSPOT CAKE CASES,0.011834674996996275,0.4436936936936937,8.75085927159387,0.010482273520787788,1.7064288462632937,0.9099979509955843,567,Muy Alto (>5)
PACK OF 72 RETROSPOT CAKE CASES,72 SWEETHEART FAIRY CAKE CASES,0.011834674996996275,0.23341232227488154,8.75085927159387,0.010482273520787788,1.2696876739212264,0.93303295798193,568,Muy Alto (>5)
HOT WATER BOTTLE KEEP CALM,CHOCOLATE HOT WATER BOTTLE,0.014477952661300012,0.3477633477633478,8.731325319560614,0.012819790568900896,1.4721199863051422,0.9239347533587382,569,Muy Alto (>5)
CHOCOLATE HOT WATER BOTTLE,HOT WATER BOTTLE KEEP CALM,0.014477952661300012,0.363499245852187,8.731325319560613,0.012819790568900896,1.5056830185069299,0.922200533087152,570,Muy Alto (>5)
LUNCH BAG  BLACK SKULL.,LUNCH BAG PINK POLKADOT,0.026552925627778445,0.44377510040160645,8.711179624157007,0.023504782118701394,1.7062465760792478,0.941541352839981,571,Muy Alto (>5)
LUNCH BAG PINK POLKADOT,LUNCH BAG  BLACK SKULL.,0.026552925627778445,0.5212264150943396,8.711179624157005,0.023504782118701394,1.9636960668667574,0.9327207350263135,572,Muy Alto (>5)
JUMBO BAG VINTAGE DOILY,JUMBO BAG VINTAGE LEAF,0.012555568905442748,0.36991150442477877,8.684833431107005,0.011109879819400903,1.51948050413974,0.9159458590169562,573,Muy Alto (>5)
JUMBO BAG VINTAGE LEAF,JUMBO BAG VINTAGE DOILY,0.012555568905442748,0.29478138222849076,8.684833431107004,0.011109879819400903,1.3698701189474949,0.9242219588913643,574,Muy Alto (>5)
"JUMBO STORAGE BAG SUKI, JUMBO SHOPPER VINTAGE RED PAISLEY",JUMBO BAG RED RETROSPOT,0.010873483119067644,0.7479338842975206,8.604082541822065,0.0096097245409491,3.6223520444039123,0.8968140097887458,575,Muy Alto (>5)
LUNCH BAG SUKI DESIGN,LUNCH BAG VINTAGE LEAF DESIGN,0.014297729184188394,0.28468899521531105,8.585023576728384,0.012632302286241886,1.351634287385924,0.9302366867050426,576,Muy Alto (>5)
LUNCH BAG VINTAGE LEAF DESIGN,LUNCH BAG SUKI DESIGN,0.014297729184188394,0.4311594202898551,8.585023576728384,0.012632302286241886,1.6696729422190524,0.9138214251775024,577,Muy Alto (>5)
JUMBO  BAG BAROQUE BLACK WHITE,JUMBO BAG STRAWBERRY,0.012014898474107893,0.3194888178913738,8.550178235723163,0.010609676484242358,1.414574353888963,0.917549313358302,578,Muy Alto (>5)
JUMBO BAG STRAWBERRY,JUMBO  BAG BAROQUE BLACK WHITE,0.012014898474107893,0.32154340836012857,8.550178235723163,0.010609676484242358,1.4185039686177683,0.9173202695956065,579,Muy Alto (>5)
LUNCH BAG ALPHABET DESIGN,JUMBO BAG ALPHABET,0.012735792382554368,0.35630252100840343,8.521568627450982,0.011241256230897044,1.4885690632363244,0.9153699939932034,580,Muy Alto (>5)
JUMBO BAG ALPHABET,LUNCH BAG ALPHABET DESIGN,0.012735792382554368,0.3045977011494253,8.521568627450982,0.011241256230897044,1.386615601693207,0.9211663807890222,581,Muy Alto (>5)
JUMBO BAG SCANDINAVIAN BLUE PAISLEY,JUMBO BAG PINK POLKADOT,0.010573110657214946,0.4150943396226415,8.50943396226415,0.009330594327209642,1.6262785208497244,0.9055491420181349,582,Muy Alto (>5)
JUMBO BAG PINK POLKADOT,JUMBO BAG SCANDINAVIAN BLUE PAISLEY,0.010573110657214946,0.2167487684729064,8.50943396226415,0.009330594327209642,1.2442092345451756,0.9277389277389279,583,Muy Alto (>5)
LUNCH BAG APPLE DESIGN,"LUNCH BAG PINK POLKADOT, LUNCH BAG RED RETROSPOT",0.010573110657214946,0.2359249329758713,8.338017907253406,0.009305050217093177,1.271740115638128,0.9213586335048599,584,Muy Alto (>5)
"LUNCH BAG PINK POLKADOT, LUNCH BAG RED RETROSPOT",LUNCH BAG APPLE DESIGN,0.010573110657214946,0.37367303609341823,8.338017907253404,0.009305050217093177,1.5250571725889255,0.9056941126879303,585,Muy Alto (>5)
LUNCH BAG WOODLAND,LUNCH BAG PINK POLKADOT,0.017181304817974287,0.42433234421364985,8.329523822854263,0.01511860529476351,1.6486193395274056,0.9170777882272998,586,Muy Alto (>5)
LUNCH BAG PINK POLKADOT,LUNCH BAG WOODLAND,0.017181304817974287,0.3372641509433962,8.329523822854263,0.01511860529476351,1.4478012522004153,0.9271785310524392,587,Muy Alto (>5)
"JUMBO BAG PINK POLKADOT, JUMBO  BAG BAROQUE BLACK WHITE",JUMBO BAG RED RETROSPOT,0.010513036164844407,0.7201646090534979,8.284630326402574,0.009244055443841076,3.262890395855566,0.8923207427212793,588,Muy Alto (>5)
"JUMBO BAG PINK POLKADOT, JUMBO BAG PINK VINTAGE PAISLEY",JUMBO BAG RED RETROSPOT,0.010272738195362249,0.7184873949579831,8.265335989267856,0.009029868188782854,3.2434505353802883,0.8917629682853322,589,Muy Alto (>5)
LUNCH BAG RED RETROSPOT,LUNCH BAG PINK POLKADOT,0.02829508590652409,0.42053571428571435,8.254997051886793,0.024867454651337044,1.6378176427213507,0.9422597202200104,590,Muy Alto (>5)
LUNCH BAG PINK POLKADOT,LUNCH BAG RED RETROSPOT,0.02829508590652409,0.5554245283018868,8.254997051886793,0.024867454651337044,2.097993766912882,0.9260364866524802,591,Muy Alto (>5)
LUNCH BAG DOLLY GIRL DESIGN,LUNCH BAG CARS BLUE,0.01357683527574192,0.4362934362934363,8.234172948458664,0.011927995087331335,1.6799774185743748,0.9067723697148476,592,Muy Alto (>5)
LUNCH BAG CARS BLUE,LUNCH BAG DOLLY GIRL DESIGN,0.01357683527574192,0.2562358276643991,8.234172948458664,0.011927995087331335,1.3026728753410326,0.9277102752322419,593,Muy Alto (>5)
LUNCH BAG CARS BLUE,LUNCH BAG SUKI DESIGN,0.021807040730505826,0.41156462585034015,8.194862155388472,0.019145978187047816,1.6140731269780308,0.9270951073792992,594,Muy Alto (>5)
LUNCH BAG SUKI DESIGN,LUNCH BAG CARS BLUE,0.021807040730505826,0.4342105263157895,8.194862155388472,0.019145978187047816,1.673792712265535,0.9243976769593467,595,Muy Alto (>5)
LUNCH BAG WOODLAND,LUNCH BAG SUKI DESIGN,0.016640634386639434,0.4109792284866469,8.1832060255846,0.014607124007625037,1.6124689829494367,0.9148405919745837,596,Muy Alto (>5)
LUNCH BAG SUKI DESIGN,LUNCH BAG WOODLAND,0.016640634386639434,0.3313397129186603,8.1832060255846,0.014607124007625037,1.434973499518652,0.9242146701466193,597,Muy Alto (>5)
JUMBO  BAG BAROQUE BLACK WHITE,JUMBO SHOPPER VINTAGE RED PAISLEY,0.013817133245224078,0.36741214057507987,8.165477292406916,0.012124992939099825,1.5096783648087264,0.9118238071975249,598,Muy Alto (>5)
JUMBO SHOPPER VINTAGE RED PAISLEY,JUMBO  BAG BAROQUE BLACK WHITE,0.013817133245224078,0.3070761014686248,8.165477292406914,0.012124992939099825,1.3888875384667738,0.9188788696800874,599,Muy Alto (>5)
JUMBO BAG VINTAGE LEAF,JUMBO BAG ALPHABET,0.014477952661300012,0.3399153737658674,8.12964268923366,0.012697068406636074,1.4516141040531283,0.9160087554288578,600,Muy Alto (>5)
JUMBO BAG ALPHABET,JUMBO BAG VINTAGE LEAF,0.014477952661300012,0.34626436781609193,8.12964268923366,0.012697068406636074,1.4645173641689322,0.9152621652206714,601,Muy Alto (>5)
LUNCH BAG WOODLAND,LUNCH BAG APPLE DESIGN,0.01471825063078217,0.3635014836795253,8.111053213578254,0.012903658833240616,1.500686025496791,0.9137076618776737,602,Muy Alto (>5)
LUNCH BAG APPLE DESIGN,LUNCH BAG WOODLAND,0.01471825063078217,0.3284182305630027,8.111053213578254,0.012903658833240616,1.4287311475810844,0.9178452060069311,603,Muy Alto (>5)
LUNCH BAG DOLLY GIRL DESIGN,LUNCH BAG PINK POLKADOT,0.012855941367295447,0.41312741312741313,8.109574196838349,0.011270661911771437,1.617142888761011,0.9048465083073728,604,Muy Alto (>5)
LUNCH BAG PINK POLKADOT,LUNCH BAG DOLLY GIRL DESIGN,0.012855941367295447,0.25235849056603776,8.109574196838349,0.011270661911771437,1.2959170949264154,0.9237475937448606,605,Muy Alto (>5)
JUMBO BAG VINTAGE LEAF,LUNCH BAG VINTAGE LEAF DESIGN,0.0114141535504025,0.2679830747531735,8.081243228879215,0.010001728107048342,1.3207876032175854,0.9152392809846666,606,Muy Alto (>5)
LUNCH BAG VINTAGE LEAF DESIGN,JUMBO BAG VINTAGE LEAF,0.0114141535504025,0.3442028985507247,8.081243228879215,0.010001728107048342,1.4599137184252122,0.90631094948755,607,Muy Alto (>5)
LUNCH BAG  BLACK SKULL.,LUNCH BAG WOODLAND,0.019464135528054788,0.3253012048192771,8.034071002109329,0.01704143655975534,1.422130584782273,0.9312507395574487,608,Muy Alto (>5)
LUNCH BAG WOODLAND,LUNCH BAG  BLACK SKULL.,0.019464135528054788,0.4807121661721069,8.034071002109329,0.01704143655975534,1.8104907227819642,0.9124764634406508,609,Muy Alto (>5)
LUNCH BAG WOODLAND,LUNCH BAG RED RETROSPOT,0.021867115222876366,0.5400593471810089,8.026632047477746,0.019142795097881003,2.0279063458042814,0.9123562388025198,610,Muy Alto (>5)
LUNCH BAG RED RETROSPOT,LUNCH BAG WOODLAND,0.021867115222876366,0.325,8.026632047477746,0.019142795097881003,1.4214959883588982,0.9385645914049882,611,Muy Alto (>5)
LARGE WHITE HEART OF WICKER,HEART OF WICKER LARGE,0.011474228042773038,0.3812375249500998,8.022856940985287,0.010044035764987778,1.539332320464473,0.9025195423023353,612,Muy Alto (>5)
HEART OF WICKER LARGE,LARGE WHITE HEART OF WICKER,0.011474228042773038,0.24146649810366622,8.022856940985285,0.010044035764987778,1.2786550322399777,0.9190273106572818,613,Muy Alto (>5)
LUNCH BAG ALPHABET DESIGN,LUNCH BAG SUKI DESIGN,0.014357803676558933,0.4016806722689076,7.998057979172531,0.012562642436924561,1.5874093988905795,0.9074041972384572,614,Muy Alto (>5)
LUNCH BAG SUKI DESIGN,LUNCH BAG ALPHABET DESIGN,0.014357803676558933,0.28588516746411485,7.998057979172531,0.012562642436924561,1.350280981582992,0.9212362283285563,615,Muy Alto (>5)
JAM MAKING SET WITH JARS,JAM MAKING SET PRINTED,0.015559293523969722,0.3448735019973369,7.962225123783177,0.013605154664281607,1.4603077328081944,0.915720564855513,616,Muy Alto (>5)
JAM MAKING SET PRINTED,JAM MAKING SET WITH JARS,0.015559293523969722,0.3592233009708738,7.962225123783176,0.013605154664281607,1.490197845328207,0.9139955025669312,617,Muy Alto (>5)
JUMBO  BAG BAROQUE BLACK WHITE,JUMBO BAG PINK POLKADOT,0.014598101646041091,0.3881789137380192,7.957667731629393,0.012763631781457788,1.5547347640578233,0.908500691008667,618,Muy Alto (>5)
JUMBO BAG PINK POLKADOT,JUMBO  BAG BAROQUE BLACK WHITE,0.014598101646041091,0.29926108374384236,7.9576677316293924,0.012763631781457788,1.373397916755969,0.9191727339875488,619,Muy Alto (>5)
LUNCH BAG SUKI DESIGN,LUNCH BAG SPACEBOY DESIGN,0.020905923344947737,0.4162679425837321,7.937223565004359,0.01827201450091277,1.6232703962749877,0.9202272677702894,620,Muy Alto (>5)
LUNCH BAG SPACEBOY DESIGN,LUNCH BAG SUKI DESIGN,0.020905923344947737,0.39862542955326463,7.937223565004358,0.01827201450091277,1.5793446731089409,0.9223859191940833,621,Muy Alto (>5)
LUNCH BAG  BLACK SKULL.,LUNCH BAG DOLLY GIRL DESIGN,0.014778325123152709,0.2469879518072289,7.936991208075545,0.012916369536240075,1.2866745164003364,0.929631418997896,622,Muy Alto (>5)
LUNCH BAG DOLLY GIRL DESIGN,LUNCH BAG  BLACK SKULL.,0.014778325123152709,0.4749034749034749,7.936991208075545,0.012916369536240075,1.7904628209568099,0.9020790989159891,623,Muy Alto (>5)
LUNCH BAG APPLE DESIGN,LUNCH BAG VINTAGE DOILY,0.010272738195362249,0.2292225201072386,7.916261555404759,0.00897506275557734,1.259824164572766,0.9146691676781051,624,Muy Alto (>5)
LUNCH BAG VINTAGE DOILY,LUNCH BAG APPLE DESIGN,0.010272738195362249,0.3547717842323651,7.916261555404758,0.00897506275557734,1.4803822978435381,0.8997302503143946,625,Muy Alto (>5)
JUMBO STORAGE BAG SUKI,JUMBO BAG STRAWBERRY,0.012735792382554368,0.29444444444444445,7.879939264022865,0.011119562617852794,1.3643626758597986,0.9125673219773529,626,Muy Alto (>5)
JUMBO BAG STRAWBERRY,JUMBO STORAGE BAG SUKI,0.012735792382554368,0.3408360128617363,7.879939264022865,0.011119562617852794,1.4514542422848233,0.90698621878503,627,Muy Alto (>5)
LUNCH BAG VINTAGE LEAF DESIGN,LUNCH BAG WOODLAND,0.010573110657214946,0.31884057971014496,7.874510815808714,0.009230410024181516,1.4086420352726745,0.90295084560028,628,Muy Alto (>5)
LUNCH BAG WOODLAND,LUNCH BAG VINTAGE LEAF DESIGN,0.010573110657214946,0.2611275964391691,7.874510815808712,0.009230410024181516,1.3085329422942278,0.9098479156706053,629,Muy Alto (>5)
LUNCH BAG SUKI DESIGN,LUNCH BAG  BLACK SKULL.,0.02360927550162201,0.47009569377990434,7.856639476566554,0.020604266098805484,1.7742180891212553,0.9188666946709736,630,Muy Alto (>5)
LUNCH BAG  BLACK SKULL.,LUNCH BAG SUKI DESIGN,0.02360927550162201,0.394578313253012,7.856639476566553,0.020604266098805484,1.5687870870326968,0.9282608589615395,631,Muy Alto (>5)
LUNCH BAG CARS BLUE,LUNCH BAG SPACEBOY DESIGN,0.021807040730505826,0.41156462585034015,7.84754268259423,0.01902820388787563,1.6102957262381077,0.9213921876605552,632,Muy Alto (>5)
LUNCH BAG SPACEBOY DESIGN,LUNCH BAG CARS BLUE,0.021807040730505826,0.41580756013745707,7.84754268259423,0.01902820388787563,1.6210656508187802,0.9208664455893609,633,Muy Alto (>5)
LUNCH BAG SUKI DESIGN,LUNCH BAG PINK POLKADOT,0.020004805959389645,0.3983253588516747,7.819014060666246,0.017446324058196457,1.5773588673414278,0.9182218271402333,634,Muy Alto (>5)
LUNCH BAG PINK POLKADOT,LUNCH BAG SUKI DESIGN,0.020004805959389645,0.39268867924528306,7.819014060666246,0.017446324058196457,1.5639058451897832,0.9189192990940048,635,Muy Alto (>5)
WOOD 2 DRAWER CABINET WHITE FINISH,WOODEN FRAME ANTIQUE WHITE,0.011053706596179262,0.36726546906187624,7.797832905617336,0.009636170887223959,1.5060053646332177,0.8988110466290545,636,Muy Alto (>5)
WOODEN FRAME ANTIQUE WHITE,WOOD 2 DRAWER CABINET WHITE FINISH,0.011053706596179262,0.23469387755102036,7.797832905617335,0.009636170887223959,1.2673395009812165,0.9148470777850262,637,Muy Alto (>5)
JUMBO BAG PINK VINTAGE PAISLEY,JUMBO STORAGE BAG SUKI,0.011173855580920341,0.3363471971066908,7.776160337552744,0.009736918185614923,1.4416368940538038,0.9013456060839916,638,Muy Alto (>5)
JUMBO STORAGE BAG SUKI,JUMBO BAG PINK VINTAGE PAISLEY,0.011173855580920341,0.25833333333333336,7.776160337552743,0.009736918185614923,1.3035219852392248,0.9107971140719376,639,Muy Alto (>5)
LUNCH BAG APPLE DESIGN,LUNCH BAG DOLLY GIRL DESIGN,0.010813408626697104,0.24128686327077747,7.753785957539309,0.009418811369832823,1.277006243926214,0.9118979734451432,640,Muy Alto (>5)
LUNCH BAG DOLLY GIRL DESIGN,LUNCH BAG APPLE DESIGN,0.010813408626697104,0.34749034749034746,7.753785957539308,0.009418811369832823,1.4638625268113525,0.8990065586419753,641,Muy Alto (>5)
"JUMBO BAG PINK POLKADOT, JUMBO BAG RED RETROSPOT",JUMBO SHOPPER VINTAGE RED PAISLEY,0.010573110657214946,0.3478260869565217,7.730190979276716,0.009205342294756683,1.4643397813288477,0.8979321561338289,642,Muy Alto (>5)
JUMBO SHOPPER VINTAGE RED PAISLEY,"JUMBO BAG PINK POLKADOT, JUMBO BAG RED RETROSPOT",0.010573110657214946,0.23497997329773027,7.730190979276715,0.009205342294756683,1.2674208164721112,0.9116578599735798,643,Muy Alto (>5)
JUMBO BAG PINK POLKADOT,JUMBO STORAGE BAG SUKI,0.016280187432416195,0.333743842364532,7.715972222222222,0.01417025404184115,1.4360037870249311,0.9150345349607344,644,Muy Alto (>5)
JUMBO STORAGE BAG SUKI,JUMBO BAG PINK POLKADOT,0.016280187432416195,0.3763888888888889,7.715972222222222,0.01417025404184115,1.5253408658808192,0.9097486391164301,645,Muy Alto (>5)
WOOD 2 DRAWER CABINET WHITE FINISH,WOODEN PICTURE FRAME WHITE FINISH,0.011834674996996275,0.3932135728542915,7.664441608586108,0.010290573599741391,1.563476605727945,0.8965098968265071,646,Muy Alto (>5)
WOODEN PICTURE FRAME WHITE FINISH,WOOD 2 DRAWER CABINET WHITE FINISH,0.011834674996996275,0.2306791569086651,7.664441608586107,0.010290573599741391,1.2607258571404798,0.916549663390575,647,Muy Alto (>5)
LUNCH BAG DOLLY GIRL DESIGN,LUNCH BAG RED RETROSPOT,0.016039889462934036,0.5154440154440154,7.660786679536679,0.013946124144317422,1.9248891733319036,0.8973906315022888,648,Muy Alto (>5)
LUNCH BAG RED RETROSPOT,LUNCH BAG DOLLY GIRL DESIGN,0.016039889462934036,0.23839285714285713,7.660786679536679,0.013946124144317422,1.2721537895736315,0.9321857596849744,649,Muy Alto (>5)
LUNCH BAG CARS BLUE,LUNCH BAG  BLACK SKULL.,0.024149945932956867,0.4557823129251701,7.617422069229298,0.02097958912280833,1.7275546677880573,0.9173272182603854,650,Muy Alto (>5)
LUNCH BAG  BLACK SKULL.,LUNCH BAG CARS BLUE,0.024149945932956867,0.40361445783132527,7.617422069229298,0.02097958912280833,1.587922963869137,0.9240093462400458,651,Muy Alto (>5)
LUNCH BAG ALPHABET DESIGN,LUNCH BAG WOODLAND,0.010933557611438183,0.3058823529411765,7.554477221155525,0.009486262545034397,1.382344615798166,0.8997905713998171,652,Muy Alto (>5)
LUNCH BAG WOODLAND,LUNCH BAG ALPHABET DESIGN,0.010933557611438183,0.27002967359050445,7.5544772211555244,0.009486262545034397,1.3209518827736637,0.9042410757286791,653,Muy Alto (>5)
SET OF 6 SPICE TINS PANTRY DESIGN,SET OF 3 CAKE TINS PANTRY DESIGN,0.016340261924786735,0.4563758389261745,7.544024046440021,0.014174274406162956,1.7282252214968783,0.899656404617922,654,Muy Alto (>5)
SET OF 3 CAKE TINS PANTRY DESIGN,SET OF 6 SPICE TINS PANTRY DESIGN,0.016340261924786735,0.2701092353525323,7.544024046440021,0.014174274406162956,1.3210135670271954,0.9232997822186615,655,Muy Alto (>5)
LUNCH BAG SPACEBOY DESIGN,LUNCH BAG PINK POLKADOT,0.02006488045176018,0.3825887743413517,7.510109360478939,0.017393164303743852,1.5371551261597776,0.9148241271846721,656,Muy Alto (>5)
LUNCH BAG PINK POLKADOT,LUNCH BAG SPACEBOY DESIGN,0.02006488045176018,0.3938679245283019,7.510109360478939,0.017393164303743852,1.5632813482492611,0.9133764374024455,657,Muy Alto (>5)
"LUNCH BAG RED RETROSPOT, JUMBO BAG RED RETROSPOT",LUNCH BAG  BLACK SKULL.,0.01015258921062117,0.44827586206896547,7.491967871485943,0.008797459372269698,1.7040505226480838,0.8866035924859454,658,Muy Alto (>5)
JUMBO STORAGE BAG SUKI,JUMBO SHOPPER VINTAGE RED PAISLEY,0.014538027153670552,0.33611111111111114,7.4698338525441335,0.012591795491674607,1.4385000580636307,0.9052850840094113,659,Muy Alto (>5)
JUMBO SHOPPER VINTAGE RED PAISLEY,JUMBO STORAGE BAG SUKI,0.014538027153670552,0.32309746328437916,7.469833852544133,0.012591795491674607,1.4134182006990443,0.9069365445010937,660,Muy Alto (>5)
LUNCH BAG SPACEBOY DESIGN,LUNCH BAG  BLACK SKULL.,0.023368977532139852,0.4455899198167239,7.447078117740147,0.020230971301686707,1.6957949344790846,0.9136347508685647,661,Muy Alto (>5)
LUNCH BAG  BLACK SKULL.,LUNCH BAG SPACEBOY DESIGN,0.023368977532139852,0.3905622489959839,7.447078117740147,0.020230971301686707,1.5548018917427957,0.9208153945974358,662,Muy Alto (>5)
LUNCH BAG SUKI DESIGN,LUNCH BAG VINTAGE DOILY,0.010693259641956025,0.21291866028708134,7.353203359209037,0.009239028183966502,1.233727755547578,0.9096916330867251,663,Muy Alto (>5)
LUNCH BAG VINTAGE DOILY,LUNCH BAG SUKI DESIGN,0.010693259641956025,0.3692946058091286,7.353203359209037,0.009239028183966502,1.5058975761523237,0.8897689135796292,664,Muy Alto (>5)
JUMBO BAG STRAWBERRY,JUMBO BAG RED RETROSPOT,0.02372942448636309,0.635048231511254,7.305468460080396,0.020481251612025346,2.501898301029841,0.8966196275207442,665,Muy Alto (>5)
JUMBO BAG RED RETROSPOT,JUMBO BAG STRAWBERRY,0.02372942448636309,0.27297857636489287,7.305468460080396,0.020481251612025346,1.3240788159066292,0.9452880394363055,666,Muy Alto (>5)
LUNCH BAG SUKI DESIGN,LUNCH BAG RED RETROSPOT,0.024630541871921183,0.49043062200956944,7.289025119617226,0.021251414832609426,1.8304015288817292,0.9084309097360423,667,Muy Alto (>5)
LUNCH BAG RED RETROSPOT,LUNCH BAG SUKI DESIGN,0.024630541871921183,0.3660714285714286,7.289025119617226,0.021251414832609426,1.4982409173290374,0.9250478347885371,668,Muy Alto (>5)
LUNCH BAG VINTAGE LEAF DESIGN,LUNCH BAG  BLACK SKULL.,0.014357803676558933,0.43297101449275366,7.2361802281590135,0.012373634788574814,1.6580559894268894,0.8913641768834041,669,Muy Alto (>5)
LUNCH BAG  BLACK SKULL.,LUNCH BAG VINTAGE LEAF DESIGN,0.014357803676558933,0.2399598393574297,7.236180228159013,0.012373634788574814,1.2720892003839055,0.916652719665272,670,Muy Alto (>5)
LUNCH BAG RED RETROSPOT,LUNCH BAG  BLACK SKULL.,0.029076054307341104,0.4321428571428572,7.22233935742972,0.025050204389692167,1.6556378966522263,0.9236897212141084,671,Muy Alto (>5)
LUNCH BAG  BLACK SKULL.,LUNCH BAG RED RETROSPOT,0.029076054307341104,0.4859437751004016,7.2223393574297186,0.025050204389692167,1.8144251997476875,0.9163710294933065,672,Muy Alto (>5)
JUMBO BAG PINK POLKADOT,JUMBO BAG RED RETROSPOT,0.030397693139492973,0.623152709359606,7.168624740843124,0.026157313117045625,2.422923641001116,0.9046316002837742,673,Muy Alto (>5)
JUMBO BAG RED RETROSPOT,JUMBO BAG PINK POLKADOT,0.030397693139492973,0.3496890117484451,7.168624740843124,0.026157313117045625,1.4627148078069514,0.9424262621812803,674,Muy Alto (>5)
LUNCH BAG VINTAGE LEAF DESIGN,LUNCH BAG SPACEBOY DESIGN,0.01243541992070167,0.37500000000000006,7.150343642611685,0.010696283937558965,1.5160879490568306,0.8896483161426619,675,Muy Alto (>5)
LUNCH BAG SPACEBOY DESIGN,LUNCH BAG VINTAGE LEAF DESIGN,0.01243541992070167,0.2371134020618557,7.150343642611684,0.010696283937558965,1.2673428564934033,0.9077537564191974,676,Muy Alto (>5)
LUNCH BAG ALPHABET DESIGN,LUNCH BAG SPACEBOY DESIGN,0.013396611798630302,0.3747899159663866,7.1463378478539195,0.011521999642887712,1.5155785109019055,0.8919503499635273,677,Muy Alto (>5)
LUNCH BAG SPACEBOY DESIGN,LUNCH BAG ALPHABET DESIGN,0.013396611798630302,0.25544100801832764,7.1463378478539195,0.011521999642887712,1.2950695477777059,0.9076710243621742,678,Muy Alto (>5)
LUNCH BAG APPLE DESIGN,LUNCH BAG PINK POLKADOT,0.016039889462934036,0.35790884718498656,7.0256493752845355,0.013756842216175522,1.4780718069529388,0.8979045061597531,679,Muy Alto (>5)
LUNCH BAG PINK POLKADOT,LUNCH BAG APPLE DESIGN,0.016039889462934036,0.3148584905660377,7.0256493752845355,0.013756842216175522,1.3941418167477757,0.903701838709968,680,Muy Alto (>5)
LUNCH BAG RED RETROSPOT,LUNCH BAG VINTAGE DOILY,0.01363690976811246,0.20267857142857146,6.999559128630707,0.01168865709712171,1.2178828511071533,0.9189649761860309,681,Muy Alto (>5)
LUNCH BAG VINTAGE DOILY,LUNCH BAG RED RETROSPOT,0.01363690976811246,0.4709543568464731,6.999559128630706,0.01168865709712171,1.763017200151718,0.8826930351561691,682,Muy Alto (>5)
LUNCH BAG RED RETROSPOT,LUNCH BAG SPACEBOY DESIGN,0.024630541871921183,0.3660714285714286,6.980097365406645,0.021101860166993953,1.494734597661664,0.918537904946227,683,Muy Alto (>5)
LUNCH BAG SPACEBOY DESIGN,LUNCH BAG RED RETROSPOT,0.024630541871921183,0.46964490263459335,6.980097365406643,0.021101860166993953,1.7586642858310613,0.904153903011166,684,Muy Alto (>5)
LUNCH BAG RED RETROSPOT,LUNCH BAG CARS BLUE,0.0248107653490328,0.3687500000000001,6.959424603174605,0.021245705482199104,1.5002206696699951,0.918081643257783,685,Muy Alto (>5)
LUNCH BAG CARS BLUE,LUNCH BAG RED RETROSPOT,0.0248107653490328,0.4682539682539683,6.959424603174604,0.021245705482199104,1.7540639945771568,0.9042207303489176,686,Muy Alto (>5)
LUNCH BAG CARS BLUE,LUNCH BAG ALPHABET DESIGN,0.013156313829148144,0.24829931972789118,6.94653861544618,0.011262375774892742,1.2827654708127672,0.9039392685953428,687,Muy Alto (>5)
LUNCH BAG ALPHABET DESIGN,LUNCH BAG CARS BLUE,0.013156313829148144,0.3680672268907563,6.946538615446179,0.011262375774892742,1.498599753055491,0.8877763771812962,688,Muy Alto (>5)
"PINK REGENCY TEACUP AND SAUCER, ROSES REGENCY TEACUP AND SAUCER",REGENCY CAKESTAND 3 TIER,0.01351676078337138,0.587467362924282,6.935448030664964,0.01156782241290025,2.2187213410451747,0.8759679435938429,689,Muy Alto (>5)
LUNCH BAG PINK POLKADOT,LUNCH BAG ALPHABET DESIGN,0.012615643397813289,0.24764150943396226,6.928135405105439,0.01079471429349517,1.2816439092939194,0.9015909186816895,690,Muy Alto (>5)
LUNCH BAG ALPHABET DESIGN,LUNCH BAG PINK POLKADOT,0.012615643397813289,0.35294117647058826,6.928135405105439,0.01079471429349517,1.4667241925442096,0.8873798101883579,691,Muy Alto (>5)
HOT WATER BOTTLE KEEP CALM,SCOTTIE DOG HOT WATER BOTTLE,0.010633185149585486,0.2554112554112554,6.868458412884907,0.00908506699695343,1.2930814442466798,0.8915224488885253,692,Muy Alto (>5)
SCOTTIE DOG HOT WATER BOTTLE,HOT WATER BOTTLE KEEP CALM,0.010633185149585486,0.2859450726978998,6.868458412884906,0.00908506699695343,1.3421493783513276,0.8874061038945932,693,Muy Alto (>5)
LUNCH BAG VINTAGE DOILY,LUNCH BAG PINK POLKADOT,0.01003244022588009,0.3464730290456432,6.801167501761529,0.008557334632129952,1.4522075945601118,0.8784013265229009,694,Muy Alto (>5)
LUNCH BAG CARS BLUE,LUNCH BAG APPLE DESIGN,0.016099963955304577,0.30385487528344673,6.780118302906507,0.01372537943685999,1.3721053193908328,0.9002081068900611,695,Muy Alto (>5)
LUNCH BAG APPLE DESIGN,LUNCH BAG CARS BLUE,0.016099963955304577,0.3592493297587131,6.780118302906506,0.01372537943685999,1.4779762889246264,0.8925082136487374,696,Muy Alto (>5)
JUMBO BAG APPLES,JUMBO BAG PINK POLKADOT,0.01243541992070167,0.3306709265175719,6.7787539936102235,0.010600950056118368,1.421153734210373,0.885791914696002,697,Muy Alto (>5)
JUMBO BAG PINK POLKADOT,JUMBO BAG APPLES,0.01243541992070167,0.25492610837438423,6.7787539936102235,0.010600950056118368,1.2916750655109857,0.8961972005450267,698,Muy Alto (>5)
LUNCH BAG  BLACK SKULL.,LUNCH BAG APPLE DESIGN,0.01814249669590292,0.3032128514056225,6.765792392088461,0.015460993090040325,1.3708410532807078,0.9064333622495397,699,Muy Alto (>5)
LUNCH BAG APPLE DESIGN,LUNCH BAG  BLACK SKULL.,0.01814249669590292,0.40482573726541554,6.765792392088461,0.015460993090040325,1.5796479526504759,0.8921812653588237,700,Muy Alto (>5)
LUNCH BAG VINTAGE LEAF DESIGN,LUNCH BAG PINK POLKADOT,0.0114141535504025,0.3442028985507247,6.756605482636042,0.00972482100320317,1.4471805812688399,0.8812188916431752,701,Muy Alto (>5)
LUNCH BAG PINK POLKADOT,LUNCH BAG VINTAGE LEAF DESIGN,0.0114141535504025,0.2240566037735849,6.756605482636041,0.00972482100320317,1.246017280272523,0.8977298925247034,702,Muy Alto (>5)
LUNCH BAG SPACEBOY DESIGN,LUNCH BAG APPLE DESIGN,0.01585966598582242,0.3024054982817869,6.747777378550436,0.013509311921647674,1.36925452585837,0.8989484331683025,703,Muy Alto (>5)
LUNCH BAG APPLE DESIGN,LUNCH BAG SPACEBOY DESIGN,0.01585966598582242,0.35388739946380693,6.747777378550436,0.013509311921647674,1.466547730804455,0.8917681532304172,704,Muy Alto (>5)
JUMBO BAG SCANDINAVIAN BLUE PAISLEY,JUMBO BAG RED RETROSPOT,0.014898474107893788,0.5849056603773585,6.728638301756399,0.012684285524743941,2.1996739593459527,0.8736343714827732,705,Muy Alto (>5)
JUMBO STORAGE BAG SKULLS,LUNCH BAG  BLACK SKULL.,0.010873483119067644,0.4022222222222222,6.722280232039267,0.009255954134297983,1.5727680762807592,0.8748923750356475,706,Muy Alto (>5)
"PINK REGENCY TEACUP AND SAUCER, GREEN REGENCY TEACUP AND SAUCER",REGENCY CAKESTAND 3 TIER,0.013817133245224078,0.5693069306930694,6.721051892423286,0.011761334024152702,2.1251676216439424,0.8723866733053864,707,Muy Alto (>5)
LUNCH BAG RED RETROSPOT,LUNCH BAG VINTAGE LEAF DESIGN,0.014958548600264328,0.22232142857142861,6.704279891304349,0.012727354670001063,1.2432371364372419,0.9122187578085109,708,Muy Alto (>5)
LUNCH BAG VINTAGE LEAF DESIGN,LUNCH BAG RED RETROSPOT,0.014958548600264328,0.4510869565217392,6.704279891304349,0.012727354670001063,1.6992064219037553,0.8800241353134671,709,Muy Alto (>5)
LUNCH BAG VINTAGE DOILY,LUNCH BAG SPACEBOY DESIGN,0.010092514718250631,0.34854771784232363,6.645962555788453,0.008573921341665878,1.4545270530362109,0.8748652207727934,710,Muy Alto (>5)
LUNCH BAG RED RETROSPOT,LUNCH BAG APPLE DESIGN,0.020004805959389645,0.2973214285714286,6.634333109919572,0.016989460539142548,1.3593475986462096,0.9105327148609383,711,Muy Alto (>5)
LUNCH BAG APPLE DESIGN,LUNCH BAG RED RETROSPOT,0.020004805959389645,0.44638069705093836,6.634333109919571,0.016989460539142548,1.6847616468149318,0.8891151528887378,712,Muy Alto (>5)
LUNCH BAG VINTAGE DOILY,LUNCH BAG  BLACK SKULL.,0.011474228042773038,0.39626556016597514,6.6227274242197005,0.009741674774641978,1.557250578346015,0.8743215807605551,713,Muy Alto (>5)
JUMBO BAG APPLES,JUMBO STORAGE BAG SUKI,0.010753334134326565,0.2859424920127796,6.610831558395458,0.009126710609080288,1.3398729861269585,0.8818983254172509,714,Muy Alto (>5)
JUMBO STORAGE BAG SUKI,JUMBO BAG APPLES,0.010753334134326565,0.24861111111111112,6.610831558395456,0.009126710609080288,1.2808192694986147,0.8871035522531934,715,Muy Alto (>5)
"ROSES REGENCY TEACUP AND SAUCER, GREEN REGENCY TEACUP AND SAUCER",REGENCY CAKESTAND 3 TIER,0.01591974047819296,0.5567226890756303,6.572486441385065,0.013497561197920746,2.0648360364956813,0.872808952054235,716,Muy Alto (>5)
CANDLEHOLDER PINK HANGING HEART,WHITE HANGING HEART T-LIGHT HOLDER,0.014117505707076775,0.7413249211356466,6.5499440749596465,0.01196214292145425,3.4283150130552125,0.8637763644631729,717,Muy Alto (>5)
LUNCH BAG ALPHABET DESIGN,LUNCH BAG  BLACK SKULL.,0.013997356722335695,0.3915966386554622,6.5446964327899835,0.011858623953584698,1.5453001500866599,0.8786098388639432,718,Muy Alto (>5)
LUNCH BAG  BLACK SKULL.,LUNCH BAG ALPHABET DESIGN,0.013997356722335695,0.23393574297188752,6.544696432789983,0.011858623953584698,1.2587138326754532,0.901122461572214,719,Muy Alto (>5)
LUNCH BAG VINTAGE LEAF DESIGN,LUNCH BAG CARS BLUE,0.011474228042773038,0.3460144927536232,6.530337014032667,0.009717162822690716,1.4480661837853457,0.8759148640480631,720,Muy Alto (>5)
LUNCH BAG CARS BLUE,LUNCH BAG VINTAGE LEAF DESIGN,0.011474228042773038,0.21655328798185944,6.530337014032667,0.009717162822690716,1.2340837805304048,0.8942510671142812,721,Muy Alto (>5)
JUMBO STORAGE BAG SUKI,JUMBO BAG RED RETROSPOT,0.024510392887180103,0.5666666666666667,6.518820548260769,0.020750450010133193,2.107089714322683,0.8848719445080555,722,Muy Alto (>5)
JUMBO BAG RED RETROSPOT,JUMBO STORAGE BAG SUKI,0.024510392887180103,0.28196268140981334,6.518820548260768,0.020750450010133193,1.332446574464559,0.9271972227275014,723,Muy Alto (>5)
JUMBO  BAG BAROQUE BLACK WHITE,JUMBO BAG RED RETROSPOT,0.020845848852577196,0.5543130990415336,6.376707565062452,0.017576787406700302,2.0486853160284344,0.8761274631494494,724,Muy Alto (>5)
JUMBO BAG RED RETROSPOT,JUMBO  BAG BAROQUE BLACK WHITE,0.020845848852577196,0.23980649619903247,6.376707565062451,0.017576787406700302,1.265984730156303,0.9234529876738062,725,Muy Alto (>5)
PINK REGENCY TEACUP AND SAUCER,REGENCY CAKESTAND 3 TIER,0.01591974047819296,0.5375253549695741,6.345848977889029,0.01341105479505388,1.979124640870469,0.868127773449409,726,Muy Alto (>5)
RETROSPOT TEA SET CERAMIC 11 PC,BAKING SET 9 PIECE RETROSPOT,0.01129400456566142,0.2748538011695907,6.336864784306103,0.00951173447625819,1.3192184114753909,0.878282729994375,727,Muy Alto (>5)
BAKING SET 9 PIECE RETROSPOT,RETROSPOT TEA SET CERAMIC 11 PC,0.01129400456566142,0.26038781163434904,6.336864784306103,0.00951173447625819,1.296502494553921,0.8803786068933819,728,Muy Alto (>5)
JUMBO BAG SPACEBOY DESIGN,JUMBO BAG RED RETROSPOT,0.013696984260482999,0.5507246376811594,6.335426619793075,0.011535017106181026,2.032322014782201,0.863636805789733,729,Muy Alto (>5)
JUMBO BAG WOODLAND ANIMALS,JUMBO BAG RED RETROSPOT,0.012074972966478434,0.5476839237057222,6.300446851420491,0.010158446527761468,2.018659643982635,0.8602472617562107,730,Muy Alto (>5)
JUMBO BAG PINK POLKADOT,JUMBO SHOPPER VINTAGE RED PAISLEY,0.013817133245224078,0.2832512315270936,6.2950600801068095,0.011622216426417538,1.332411365350767,0.8842809364548496,731,Muy Alto (>5)
JUMBO SHOPPER VINTAGE RED PAISLEY,JUMBO BAG PINK POLKADOT,0.013817133245224078,0.3070761014686248,6.295060080106808,0.011622216426417538,1.3727618779077961,0.8807765205904313,732,Muy Alto (>5)
JUMBO BAG PINK VINTAGE PAISLEY,JUMBO BAG RED RETROSPOT,0.01814249669590292,0.546112115732369,6.282365085335877,0.015254651680615502,2.011669051296915,0.8697173259897047,733,Muy Alto (>5)
JUMBO BAG RED RETROSPOT,JUMBO BAG PINK VINTAGE PAISLEY,0.01814249669590292,0.20870767104353832,6.282365085335875,0.015254651680615502,1.221771992904389,0.9208738026944087,734,Muy Alto (>5)
JUMBO SHOPPER VINTAGE RED PAISLEY,JUMBO BAG VINTAGE LEAF,0.011954823981737354,0.26568758344459276,6.2378498082068985,0.010038326414577458,1.3038145118128297,0.8792509442854962,735,Muy Alto (>5)
JUMBO BAG VINTAGE LEAF,JUMBO SHOPPER VINTAGE RED PAISLEY,0.011954823981737354,0.2806770098730606,6.2378498082068985,0.010038326414577458,1.3276431009746203,0.8770441275840204,736,Muy Alto (>5)
GREEN REGENCY TEACUP AND SAUCER,REGENCY CAKESTAND 3 TIER,0.01928391205094317,0.5245098039215687,6.19219162842442,0.01616968154773604,1.9249502372632787,0.8705111451250206,737,Muy Alto (>5)
REGENCY CAKESTAND 3 TIER,GREEN REGENCY TEACUP AND SAUCER,0.01928391205094317,0.2276595744680851,6.192191628424419,0.01616968154773604,1.2471630110593335,0.9161049948106184,738,Muy Alto (>5)
JUMBO STORAGE BAG SUKI,JUMBO BAG VINTAGE LEAF,0.011354079058031959,0.2625,6.163011283497885,0.009511785001483058,1.298179233775305,0.8756151964741692,739,Muy Alto (>5)
JUMBO BAG VINTAGE LEAF,JUMBO STORAGE BAG SUKI,0.011354079058031959,0.26657263751763044,6.163011283497884,0.009511785001483058,1.3044868714128597,0.8750108313388729,740,Muy Alto (>5)
SMALL WHITE HEART OF WICKER,HEART OF WICKER SMALL,0.011714526012255196,0.3433098591549296,6.15812059859155,0.009812236860117696,1.4378940878646627,0.8672037917715241,741,Muy Alto (>5)
HEART OF WICKER SMALL,SMALL WHITE HEART OF WICKER,0.011714526012255196,0.2101293103448276,6.158120598591549,0.009812236860117696,1.2228301429379527,0.8870659475825527,742,Muy Alto (>5)
REGENCY CAKESTAND 3 TIER,ROSES REGENCY TEACUP AND SAUCER,0.02114622131442989,0.24964539007092196,6.129199355635055,0.01769614242362199,1.2784215376026573,0.9142916597054821,743,Muy Alto (>5)
ROSES REGENCY TEACUP AND SAUCER,REGENCY CAKESTAND 3 TIER,0.02114622131442989,0.519174041297935,6.129199355635054,0.01769614242362199,1.9035889165141457,0.8723789909364182,744,Muy Alto (>5)
JUMBO STORAGE BAG SKULLS,JUMBO BAG RED RETROSPOT,0.014357803676558933,0.5311111111111111,6.109796513860093,0.012007839378404614,1.947310399492527,0.8595655107774944,745,Muy Alto (>5)
JUMBO BAG ALPHABET,JUMBO STORAGE BAG SUKI,0.010813408626697104,0.2586206896551724,5.979166666666666,0.009004894291918494,1.2904950976420062,0.8690909090909091,746,Muy Alto (>5)
JUMBO STORAGE BAG SUKI,JUMBO BAG ALPHABET,0.010813408626697104,0.25,5.979166666666666,0.009004894291918494,1.2775842044134726,0.870400602787894,747,Muy Alto (>5)
LUNCH BAG RED RETROSPOT,LUNCH BAG ALPHABET DESIGN,0.014357803676558933,0.21339285714285716,5.96997899159664,0.01195280297274255,1.225841496349912,0.8925489811394787,748,Muy Alto (>5)
LUNCH BAG ALPHABET DESIGN,LUNCH BAG RED RETROSPOT,0.014357803676558933,0.4016806722689076,5.969978991596639,0.01195280297274255,1.5588942648434623,0.8633552726416764,749,Muy Alto (>5)
JUMBO SHOPPER VINTAGE RED PAISLEY,JUMBO BAG STRAWBERRY,0.01003244022588009,0.22296395193591456,5.966974186374974,0.008351112317878037,1.2388532914835013,0.871630582955621,750,Muy Alto (>5)
JUMBO BAG STRAWBERRY,JUMBO SHOPPER VINTAGE RED PAISLEY,0.01003244022588009,0.2684887459807074,5.966974186374974,0.008351112317878037,1.3055222321832918,0.864722377511577,751,Muy Alto (>5)
LUNCH BAG SUKI DESIGN,JUMBO STORAGE BAG SUKI,0.012916015859665985,0.257177033492823,5.94579013822435,0.010743719905822713,1.2879870556398145,0.8757983613550446,752,Muy Alto (>5)
JUMBO STORAGE BAG SUKI,LUNCH BAG SUKI DESIGN,0.012916015859665985,0.2986111111111111,5.945790138224349,0.010743719905822713,1.3541385377273762,0.8694193201697384,753,Muy Alto (>5)
RED HANGING HEART T-LIGHT HOLDER,WHITE HANGING HEART T-LIGHT HOLDER,0.025711882734590893,0.6666666666666667,5.89030431705591,0.021346763149828557,2.6604589691217115,0.8635341164708823,754,Muy Alto (>5)
WHITE HANGING HEART T-LIGHT HOLDER,RED HANGING HEART T-LIGHT HOLDER,0.025711882734590893,0.22717622080679406,5.890304317055909,0.021346763149828557,1.2440509748571744,0.9361875084676873,755,Muy Alto (>5)
JUMBO BAG APPLES,JUMBO BAG RED RETROSPOT,0.018803316111978854,0.5,5.751900483759502,0.015534254666101959,1.8261444190796587,0.8584269662921349,756,Muy Alto (>5)
JUMBO BAG RED RETROSPOT,JUMBO BAG APPLES,0.018803316111978854,0.216309606081548,5.751900483759502,0.015534254666101959,1.2280275160246326,0.9047963681821173,757,Muy Alto (>5)
JUMBO BAG 50'S CHRISTMAS,PAPER CHAIN KIT 50'S CHRISTMAS,0.010633185149585486,0.3259668508287293,5.741845713116431,0.008781309345034436,1.3993816266596808,0.8536876484748077,758,Muy Alto (>5)
JUMBO SHOPPER VINTAGE RED PAISLEY,JUMBO BAG RED RETROSPOT,0.022407785654211223,0.4979973297730307,5.728862164064871,0.01849640063350548,1.818859268471628,0.8643367887208219,759,Muy Alto (>5)
JUMBO BAG RED RETROSPOT,JUMBO SHOPPER VINTAGE RED PAISLEY,0.022407785654211223,0.2577747062888735,5.728862164064871,0.01849640063350548,1.2866769878448159,0.9040306553256732,760,Muy Alto (>5)
JUMBO BAG OWLS,JUMBO BAG RED RETROSPOT,0.010873483119067644,0.4878706199460917,5.612366509759946,0.00893606810881153,1.7828936302067198,0.8405560506148636,761,Muy Alto (>5)
JUMBO BAG PINK POLKADOT,JUMBO BAG ALPHABET,0.0114141535504025,0.23399014778325125,5.596264367816092,0.009374551272846622,1.2508822837424516,0.8634278002699055,762,Muy Alto (>5)
JUMBO BAG ALPHABET,JUMBO BAG PINK POLKADOT,0.0114141535504025,0.27298850574712646,5.596264367816092,0.009374551272846622,1.3083967993830135,0.8571483253588515,763,Muy Alto (>5)
JUMBO BAG PINK POLKADOT,LUNCH BAG PINK POLKADOT,0.013877207737594618,0.28448275862068967,5.584316037735849,0.01139217507758401,1.3263926787288527,0.8630258630258631,764,Muy Alto (>5)
LUNCH BAG PINK POLKADOT,JUMBO BAG PINK POLKADOT,0.013877207737594618,0.27240566037735847,5.5843160377358485,0.01139217507758401,1.3073486974740087,0.8649925000095908,765,Muy Alto (>5)
JUMBO BAG VINTAGE LEAF,JUMBO BAG PINK POLKADOT,0.011534302535143579,0.27080394922425954,5.55148095909732,0.009456604238035652,1.3044770486389583,0.8563418983079207,766,Muy Alto (>5)
JUMBO BAG PINK POLKADOT,JUMBO BAG VINTAGE LEAF,0.011534302535143579,0.23645320197044337,5.55148095909732,0.009456604238035652,1.2538945712037768,0.8619123931623932,767,Muy Alto (>5)
JUMBO BAG VINTAGE DOILY,JUMBO BAG RED RETROSPOT,0.01591974047819296,0.4690265486725664,5.395588064411569,0.012969229748288093,1.719619327966679,0.8432862876968368,768,Muy Alto (>5)
RECIPE BOX PANTRY YELLOW DESIGN,SET OF 3 CAKE TINS PANTRY DESIGN,0.01465817613841163,0.3257676902536715,5.385033735811933,0.011936154911147854,1.393444029011816,0.8526665511690523,769,Muy Alto (>5)
SET OF 3 CAKE TINS PANTRY DESIGN,RECIPE BOX PANTRY YELLOW DESIGN,0.01465817613841163,0.2423038728897716,5.385033735811933,0.011936154911147854,1.2604052878780698,0.8667331775647054,770,Muy Alto (>5)
JUMBO BAG VINTAGE LEAF,JUMBO BAG RED RETROSPOT,0.019464135528054788,0.45698166431593795,5.257026112096132,0.01576163622274054,1.6814758352304908,0.8458035381598996,771,Muy Alto (>5)
JUMBO BAG RED RETROSPOT,JUMBO BAG VINTAGE LEAF,0.019464135528054788,0.2239115411195577,5.257026112096131,0.01576163622274054,1.2336315196471408,0.8868722276238121,772,Muy Alto (>5)
RED RETROSPOT CHARLOTTE BAG,LUNCH BAG  BLACK SKULL.,0.011474228042773038,0.3126022913256956,5.224475643983463,0.009277983132341343,1.3677173981451285,0.8394039870244573,773,Muy Alto (>5)
PARTY BUNTING,SPOTTY BUNTING,0.02156674276102367,0.2782945736434109,5.101862855581738,0.017339513732821082,1.3100252906514929,0.8715336151983637,774,Muy Alto (>5)
SPOTTY BUNTING,PARTY BUNTING,0.02156674276102367,0.39537444933920707,5.101862855581738,0.017339513732821082,1.5257441631995259,0.8503793490269458,775,Muy Alto (>5)
"JUMBO BAG PINK POLKADOT, JUMBO BAG RED RETROSPOT",LUNCH BAG RED RETROSPOT,0.01033281268773279,0.33992094861660077,5.052075098814229,0.008287551584991462,1.413037675699904,0.827206708740382,776,Muy Alto (>5)
JUMBO BAG PEARS,JUMBO BAG RED RETROSPOT,0.011173855580920341,0.4386792452830189,5.046478726317299,0.008959666997770495,1.6266496506087715,0.8228000471946366,777,Muy Alto (>5)
RED RETROSPOT CHARLOTTE BAG,LUNCH BAG RED RETROSPOT,0.01243541992070167,0.33878887070376434,5.035249590834698,0.009965746929051571,1.4106183747054268,0.8319367808040684,778,Muy Alto (>5)
CHARLOTTE BAG SUKI DESIGN,LUNCH BAG RED RETROSPOT,0.01003244022588009,0.328740157480315,4.885900590551182,0.007979095087159549,1.389501515603689,0.8203652182560148,779,Alto (3-5)
JUMBO STORAGE BAG SUKI,LUNCH BAG PINK POLKADOT,0.01021266370299171,0.23611111111111113,4.63479428721174,0.008009186467514324,1.2424016689786244,0.8196955034682466,780,Alto (3-5)
LUNCH BAG PINK POLKADOT,JUMBO STORAGE BAG SUKI,0.01021266370299171,0.20047169811320753,4.63479428721174,0.008009186467514324,1.1966385220328073,0.8263369153206288,781,Alto (3-5)
JUMBO BAG ALPHABET,JUMBO BAG RED RETROSPOT,0.01676078337138051,0.40086206896551724,4.611437456807187,0.013126171923568498,1.5239766375053267,0.8173216031280547,782,Alto (3-5)
JUMBO STORAGE BAG SUKI,LUNCH BAG RED RETROSPOT,0.013276462813889223,0.30694444444444446,4.561961805555556,0.01036620986137192,1.3458034656360662,0.8160951413863781,783,Alto (3-5)
JAM MAKING SET WITH JARS,SET OF 3 CAKE TINS PANTRY DESIGN,0.01237534542833113,0.27430093209054596,4.5342734017668604,0.00964605578657533,1.2946206323363907,0.8162849647413091,784,Alto (3-5)
SET OF 3 CAKE TINS PANTRY DESIGN,JAM MAKING SET WITH JARS,0.01237534542833113,0.20456802383316783,4.53427340176686,0.00964605578657533,1.200459731115272,0.8296470052153659,785,Alto (3-5)
RED RETROSPOT CHARLOTTE BAG,JUMBO BAG RED RETROSPOT,0.014177580199447315,0.38625204582651396,4.443366658485246,0.01098685089684223,1.4876989867435622,0.8044740583363722,786,Alto (3-5)
JUMBO STORAGE BAG SUKI,LUNCH BAG  BLACK SKULL.,0.010873483119067644,0.25138888888888894,4.201425145024543,0.008285436743436186,1.255880111375211,0.7964341987770788,787,Alto (3-5)
JUMBO BAG APPLES,LUNCH BAG RED RETROSPOT,0.010573110657214946,0.28115015974440893,4.178594249201278,0.008042807395720735,1.297512382020372,0.7904097151288161,788,Alto (3-5)
"LUNCH BAG PINK POLKADOT, LUNCH BAG RED RETROSPOT",JUMBO BAG RED RETROSPOT,0.01021266370299171,0.3609341825902335,4.152114998892209,0.007753034404256858,1.428760832867972,0.7812648422583872,789,Alto (3-5)
JUMBO BAG PINK POLKADOT,LUNCH BAG RED RETROSPOT,0.013336537306259761,0.2733990147783251,4.0633928571428575,0.01005441869869858,1.2836709384042995,0.7925617925617926,790,Alto (3-5)
"LUNCH BAG  BLACK SKULL., LUNCH BAG RED RETROSPOT",JUMBO BAG RED RETROSPOT,0.01015258921062117,0.3491735537190082,4.016823065104775,0.007625072054384081,1.4029426965627851,0.7735384849698576,791,Alto (3-5)
JUMBO BAG PINK POLKADOT,LUNCH BAG CARS BLUE,0.01033281268773279,0.2118226600985222,3.9977324263038554,0.00774814428427836,1.2015243902439026,0.7883124627310675,792,Alto (3-5)
JAM MAKING SET PRINTED,SET OF 3 CAKE TINS PANTRY DESIGN,0.01033281268773279,0.23855755894590847,3.9434251501624553,0.00771254926335738,1.2338489891399762,0.7802070023000257,793,Alto (3-5)
JUMBO BAG PINK POLKADOT,LUNCH BAG  BLACK SKULL.,0.011474228042773038,0.23522167487684728,3.9312248995983934,0.008555486852477558,1.229331133891049,0.7838636058531346,794,Alto (3-5)
LUNCH BAG RED RETROSPOT,JUMBO BAG RED RETROSPOT,0.02264808362369338,0.3366071428571429,3.872261575673808,0.016799283592731522,1.3763672606791506,0.7952608630137312,795,Alto (3-5)
JUMBO BAG RED RETROSPOT,LUNCH BAG RED RETROSPOT,0.02264808362369338,0.2605390463026952,3.8722615756738072,0.016799283592731522,1.2613466118547747,0.8123705611652867,796,Alto (3-5)
SET OF 3 REGENCY CAKE TINS,REGENCY CAKESTAND 3 TIER,0.010993632103808723,0.31937172774869116,3.7703984256061798,0.008077857466002047,1.3447795266130003,0.7609706941587205,797,Alto (3-5)
SET OF 4 PANTRY JELLY MOULDS,SET OF 3 CAKE TINS PANTRY DESIGN,0.010813408626697104,0.22670025188916876,3.7474204497985135,0.00792784807336274,1.2149299006990166,0.7698720105419574,798,Alto (3-5)
JUMBO BAG VINTAGE LEAF,LUNCH BAG RED RETROSPOT,0.010272738195362249,0.2411847672778561,3.584608603667136,0.007406947440730626,1.2291748087330892,0.7531064384728317,799,Alto (3-5)
JUMBO SHOPPER VINTAGE RED PAISLEY,LUNCH BAG RED RETROSPOT,0.010753334134326565,0.2389853137516689,3.551919225634179,0.0077258626601106484,1.2256222979652664,0.7523129869203389,800,Alto (3-5)
"WOODEN PICTURE FRAME WHITE FINISH, WOODEN FRAME ANTIQUE WHITE",WHITE HANGING HEART T-LIGHT HOLDER,0.010693259641956025,0.38864628820960695,3.4338673638732047,0.007579202368091304,1.450583580783028,0.728836452581049,801,Alto (3-5)
LUNCH BAG PINK POLKADOT,JUMBO BAG RED RETROSPOT,0.015198846569746486,0.2983490566037736,3.432148166016873,0.010770469403446795,1.3013197204870175,0.7466752933652983,802,Alto (3-5)
ZINC METAL HEART DECORATION,WHITE HANGING HEART T-LIGHT HOLDER,0.01021266370299171,0.3695652173913044,3.265277393150559,0.0070850079257476686,1.4066794549379165,0.7134633415951331,803,Alto (3-5)
HEART OF WICKER LARGE,WHITE HANGING HEART T-LIGHT HOLDER,0.017181304817974287,0.361567635903919,3.19461511000883,0.011803096731452467,1.3890581152312036,0.7212460828354869,804,Alto (3-5)
WOODEN PICTURE FRAME WHITE FINISH,WHITE HANGING HEART T-LIGHT HOLDER,0.018322720173014537,0.35714285714285715,3.15552016985138,0.012516159230044076,1.3794972432482948,0.7200354609929077,805,Alto (3-5)
LUNCH BAG CARS BLUE,JUMBO BAG RED RETROSPOT,0.013937282229965157,0.26303854875283444,3.025943111637652,0.009331352205582694,1.2389687520217376,0.7069845960678631,806,Alto (3-5)
LUNCH BAG APPLE DESIGN,JUMBO BAG RED RETROSPOT,0.011774600504625737,0.2627345844504022,3.0224463668012405,0.007878881912574357,1.2384579423940232,0.7005371582595302,807,Alto (3-5)
LUNCH BAG  BLACK SKULL.,JUMBO BAG RED RETROSPOT,0.0156794425087108,0.2620481927710843,3.014550253536606,0.010478188195462576,1.2373060145600951,0.7108060666152546,808,Alto (3-5)
WOOD 2 DRAWER CABINET WHITE FINISH,WHITE HANGING HEART T-LIGHT HOLDER,0.010092514718250631,0.33532934131736525,2.9627878001957866,0.006686089621730489,1.334224167697675,0.6830376498694862,809,Medio (2-3)
LUNCH BAG SUKI DESIGN,JUMBO BAG RED RETROSPOT,0.012916015859665985,0.257177033492823,2.9585134067184047,0.008550304407983742,1.2291922176735868,0.6969971904740891,810,Medio (2-3)
LOVE BUILDING BLOCK WORD,WHITE HANGING HEART T-LIGHT HOLDER,0.01033281268773279,0.3220973782771536,2.8458773666674624,0.006702012285453836,1.3081814820543223,0.6701115447680193,811,Medio (2-3)
WOODEN FRAME ANTIQUE WHITE,WHITE HANGING HEART T-LIGHT HOLDER,0.015018623092634867,0.3188775510204081,2.817428723081589,0.009688009767940674,1.3019973981219857,0.6769496910856134,812,Medio (2-3)
HOME BUILDING BLOCK WORD,WHITE HANGING HEART T-LIGHT HOLDER,0.012135047458848972,0.3046757164404223,2.6919490317766823,0.0076271435886037554,1.2754044081906686,0.6545940209987964,813,Medio (2-3)
SMALL WHITE HEART OF WICKER,WHITE HANGING HEART T-LIGHT HOLDER,0.01021266370299171,0.2992957746478873,2.644414790227565,0.0063506887432642845,1.2656119719104957,0.6438128827846601,814,Medio (2-3)
LUNCH BAG SPACEBOY DESIGN,JUMBO BAG RED RETROSPOT,0.0114141535504025,0.21764032073310424,2.503690932220631,0.0068552228119831225,1.1670747275670148,0.6338309636387297,815,Medio (2-3)
NATURAL SLATE HEART CHALKBOARD,WHITE HANGING HEART T-LIGHT HOLDER,0.0156794425087108,0.2782515991471215,2.4584798935260004,0.009301744423808819,1.228710247679057,0.6286700678181407,816,Medio (2-3)
HEART OF WICKER SMALL,WHITE HANGING HEART T-LIGHT HOLDER,0.015318995554487565,0.2747844827586207,2.427846337579618,0.009009289986482195,1.2228360194873442,0.6228348165834601,817,Medio (2-3)
SET/5 RED RETROSPOT LID GLASS BOWLS,WHITE HANGING HEART T-LIGHT HOLDER,0.010092514718250631,0.23931623931623927,2.114468216379044,0.005319440032108636,1.1658190988286148,0.5502741738943444,818,Medio (2-3)
LUNCH BAG PINK POLKADOT,WHITE HANGING HEART T-LIGHT HOLDER,0.011474228042773038,0.22523584905660377,1.9900615410807996,0.005708462609940543,1.144631763478037,0.5242077829455515,819,Bajo (1-2)
LUNCH BAG SUKI DESIGN,WHITE HANGING HEART T-LIGHT HOLDER,0.010693259641956025,0.21291866028708134,1.8812335558061337,0.005009085229399462,1.1267191986756588,0.4932037040985296,820,Bajo (1-2)
PARTY BUNTING,WHITE HANGING HEART T-LIGHT HOLDER,0.016160038447675117,0.20852713178294577,1.842432396846558,0.007389003768012478,1.120467538415608,0.49565019933358584,821,Bajo (1-2)
LUNCH BAG CARS BLUE,WHITE HANGING HEART T-LIGHT HOLDER,0.010933557611438183,0.20634920634920637,1.8231894314696864,0.004936617621157216,1.1173927670311188,0.4767727831670993,822,Bajo (1-2)
LUNCH BAG SPACEBOY DESIGN,WHITE HANGING HEART T-LIGHT HOLDER,0.010753334134326565,0.20504009163802978,1.8116228054175392,0.004817587409252547,1.1155526801360487,0.47280498780356933,823,Bajo (1-2)
